id,week,center_id,meal_id,checkout_price,base_price,emailer_for_promotion,homepage_featured,num_orders
1000000,3,157,2760,233.83,231.83,0,0,149
1000001,100,104,2956,486.03,583.03,0,0,161
1000002,143,75,1971,328.86,327.86,0,0,149
1000003,41,24,2539,145.53,145.53,0,0,540
1000004,45,83,2539,95.06,120.34,0,0,271
1000005,101,65,1754,291.03,290.03,0,0,541
1000006,107,153,2126,533.53,533.53,0,0,53
1000007,11,50,1062,160.11,159.11,0,0,432
1000008,114,57,1962,467.54,639.23,1,1,486
1000009,68,36,1216,406.43,408.43,0,0,28
1000010,10,76,2760,243.53,241.53,0,0,108
1000011,18,104,2867,618.86,619.86,0,0,53
1000012,33,36,2494,256.08,243.5,0,1,94
1000013,140,88,1571,485.03,631.53,0,0,81
1000014,105,81,2139,290.03,290.03,0,0,55
1000015,112,43,2290,286.15,288.15,0,0,1863
1000016,131,77,2290,255.11,257.11,0,0,418
1000017,9,80,2826,298.76,298.76,0,0,771
1000018,101,92,1445,459.78,709.13,0,0,27
1000019,18,52,1311,158.14,158.14,0,0,742
1000020,88,24,2704,243.47,292.03,0,0,473
1000021,111,57,1248,153.26,153.26,0,0,27
1000022,49,89,2760,242.53,242.53,0,0,134
1000023,6,68,1971,290.06,289.06,0,0,230
1000024,30,55,1109,255.14,309.43,0,1,715
1000025,91,14,2640,291.03,291.03,0,0,69
1000026,104,41,1885,152.35,151.35,0,0,175
1000027,140,97,1571,486.03,629.53,0,0,242
1000028,30,94,1207,307.49,308.49,0,0,204
1000029,83,174,1445,669.33,668.33,0,0,108
1000030,95,145,2139,280.33,280.33,0,0,41
1000031,24,14,2539,165.93,153.26,0,1,229
1000032,97,10,1248,155.26,155.26,0,0,231
1000033,25,76,2490,253.2,252.2,0,0,82
1000034,90,186,2581,486.03,641.23,0,0,109
1000036,4,81,1558,611.13,612.13,0,0,136
1000037,109,93,2704,245.47,244.47,0,0,150
1000038,139,58,2490,276.45,278.45,0,0,217
1000039,85,137,1878,195.94,290.03,1,1,836
1000040,141,34,1543,482.09,483.09,0,0,54
1000041,97,101,1311,136.77,208.61,0,0,96
1000042,105,11,1558,678.03,678.03,0,0,81
1000043,40,29,2139,289.06,291.06,0,0,55
1000044,120,124,1558,698.43,699.43,0,0,54
1000045,100,153,2664,299.73,301.73,0,0,445
1000046,86,143,1109,294.88,294.88,0,0,176
1000047,64,129,2631,152.35,152.35,0,0,80
1000048,42,73,2867,629.53,630.53,0,0,27
1000049,31,124,2492,291,387.03,0,1,14
1000051,93,76,1311,160.05,319.13,0,0,135
1000052,86,126,1558,498.64,678.03,0,0,216
1000053,64,97,2577,282.33,280.33,0,0,108
1000054,86,92,2826,310.43,309.43,0,0,96
1000055,1,59,2631,252.23,253.23,0,0,40
1000056,133,66,2569,339.53,340.53,0,0,216
1000057,144,55,1311,180.42,226.01,0,0,203
1000058,51,153,2577,282.33,280.33,0,0,42
1000059,5,26,1216,418.13,418.13,0,0,15
1000060,98,89,1248,154.26,154.26,0,0,15
1000061,135,52,1727,321.07,465.63,1,1,2186
1000062,7,50,1062,159.11,160.11,0,0,350
1000063,94,89,1778,160.05,161.05,0,0,661
1000064,78,13,1525,291.06,289.06,0,0,474
1000065,9,80,1770,485.03,484.03,0,0,14
1000066,118,50,1727,447.23,446.23,0,0,337
1000067,1,58,1962,583.03,610.13,1,1,229
1000068,26,129,1247,485.03,486.03,0,0,41
1000069,73,53,1543,388.03,486.03,0,0,27
1000070,113,80,1525,241.53,241.53,0,1,123
1000071,8,26,2306,259.99,242.5,1,0,14
1000072,32,109,1770,436.53,484.03,0,0,27
1000073,122,81,2139,291.03,290.03,0,0,42
1000074,21,39,2707,225.07,225.07,0,0,121
1000075,83,99,2664,306.52,308.52,0,0,472
1000076,28,110,1962,640.23,641.23,0,0,150
1000078,33,39,1445,596.58,709.13,0,0,53
1000079,107,186,2290,247.38,248.38,0,0,474
1000080,107,30,1778,163.02,161.02,0,0,487
1000081,130,106,2577,282.33,281.33,0,0,14
1000082,104,43,1571,582.03,581.03,0,0,14
1000083,92,75,1971,194.03,321.07,1,1,1027
1000084,31,23,2664,334.71,332.71,0,0,446
1000086,132,146,1248,154.26,155.26,0,0,67
1000087,56,51,1558,678.03,679.03,0,0,95
1000088,124,72,2494,194,194,0,0,26
1000089,65,106,1109,255.11,297.79,0,0,458
1000090,28,59,1878,282.33,280.33,0,0,68
1000091,134,17,2304,483.09,469.51,0,1,109
1000092,110,17,2760,241.53,243.53,0,0,107
1000093,59,73,1971,289.06,291.06,0,0,351
1000094,98,110,2577,280.33,280.33,0,0,40
1000095,35,32,1207,313.31,313.31,0,0,123
1000096,97,67,2290,286.18,287.18,0,0,447
1000097,119,126,1247,445.23,447.23,0,1,14
1000098,55,110,1770,387.03,485.03,0,0,15
1000099,127,52,1311,183.36,184.36,0,0,528
1000101,67,64,1778,168.78,170.78,0,0,161
1000102,140,94,2631,97.03,154.26,0,0,107
1000103,113,99,1962,466.63,697.43,1,0,1390
1000104,65,129,1525,242.53,291.03,0,0,95
1000106,135,75,2539,97.97,121.28,0,0,109
1000107,19,75,2306,220.25,340.53,0,0,217
1000108,69,14,1543,486.03,485.03,0,0,40
1000109,106,51,1962,679.03,680.03,0,0,285
1000110,139,11,1971,327.86,329.86,0,0,364
1000111,94,75,2490,200.85,243.5,1,1,392
1000112,36,50,2290,303.64,302.64,0,0,595
1000113,113,124,2494,243.5,242.5,0,0,14
1000114,82,186,2640,280.33,280.33,0,0,81
1000115,119,76,1885,150.35,150.35,0,0,662
1000117,133,58,2126,427.8,428.8,0,0,27
1000118,75,41,1885,145.5,147.5,0,0,68
1000120,47,30,1971,248.38,311.4,0,0,528
1000122,67,81,2640,280.33,281.33,0,0,121
1000123,102,52,2306,349.26,347.26,0,0,26
1000124,47,124,2539,146.53,145.53,0,0,134
1000125,37,17,1543,485.03,484.03,0,0,28
1000126,6,65,1207,321.13,320.13,0,0,204
1000128,115,39,1248,145.5,145.5,0,0,28
1000129,10,143,1543,503.43,504.43,0,0,80
1000131,84,23,2664,304.64,302.64,0,0,365
1000132,75,14,2760,243.53,243.53,0,0,94
1000133,37,91,1727,445.23,447.23,0,0,40
1000134,116,99,1962,462.69,698.43,1,0,892
1000135,95,51,2306,349.26,348.26,0,0,41
1000136,22,29,1558,639.23,639.23,0,0,108
1000137,64,174,2577,290.03,292.03,0,0,242
1000138,113,66,2707,185.3,186.3,0,0,555
1000139,12,72,1558,533.53,581.03,1,0,82
1000140,64,26,1885,119.37,119.37,0,0,283
1000141,139,36,1778,185.27,187.27,0,0,622
1000142,90,29,2569,310.43,311.43,0,0,393
1000143,114,74,1571,581.03,582.03,0,0,14
1000144,133,104,2304,479.24,479.24,0,0,42
1000145,35,110,2707,223.16,223.16,0,0,392
1000146,110,64,2322,322.1,291.03,0,1,136
1000147,96,67,1062,160.05,160.05,0,0,593
1000148,143,10,1885,151.38,149.38,0,0,1986
1000149,48,149,2322,323.98,324.98,0,0,109
1000150,70,99,1571,631.53,630.53,0,0,54
1000151,80,73,1109,292,291,0,0,310
1000153,107,139,2126,509.31,508.31,0,0,68
1000154,21,161,1248,253.2,252.2,0,0,40
1000155,68,30,2664,321.13,319.13,0,0,258
1000156,55,109,2492,387.03,388.03,0,1,27
1000157,73,55,2490,252.2,252.2,0,0,150
1000158,56,153,2444,618.86,619.86,0,0,161
1000159,54,101,2290,281.33,281.33,0,0,648
1000160,135,64,2490,290.03,292.03,0,0,107
1000161,15,106,2492,447.23,447.23,0,0,41
1000163,129,162,2304,468.51,468.51,0,0,40
1000165,82,81,2826,309.43,311.43,0,0,352
1000166,32,83,2290,283.24,284.24,0,0,946
1000167,10,143,1885,119.37,122.28,0,1,364
1000168,14,39,2760,190.18,233.83,0,0,82
1000169,78,145,1778,180.48,179.48,0,0,188
1000170,44,77,2322,287.15,288.15,0,0,175
1000171,104,186,2492,446.23,446.23,0,0,15
1000172,51,75,1962,640.23,639.23,0,0,270
1000173,63,93,1445,629.53,708.13,0,0,53
1000174,103,83,1247,445.23,445.23,0,0,80
1000175,136,55,1198,195.03,228.01,0,0,96
1000176,121,76,1971,192.06,323.04,1,1,1201
1000177,111,50,1207,313.34,313.37,1,0,150
1000178,104,137,2956,581.03,581.03,0,0,96
1000179,127,76,1109,266.75,317.19,0,0,393
1000180,116,126,1216,417.13,417.13,0,0,42
1000181,112,129,1248,143.59,144.59,0,0,40
1000182,134,11,1727,466.63,466.63,0,0,635
1000183,87,104,2306,243.5,348.26,0,1,161
1000185,12,64,2581,533.53,583.03,1,0,149
1000186,98,145,2707,187.27,187.27,0,0,350
1000188,130,137,1543,469.51,468.51,0,0,82
1000189,15,161,1962,640.23,641.23,0,0,149
1000190,57,89,2304,388.03,463.72,0,0,82
1000191,140,26,1525,320.13,320.13,0,0,14
1000192,110,132,1727,438.5,438.5,0,0,350
1000193,8,17,1885,144.53,144.53,0,0,540
1000194,82,149,1754,310.43,309.43,0,0,81
1000195,65,64,2322,325.01,323.01,0,0,148
1000196,37,30,1803,178.51,214.43,0,1,121
1000197,92,23,1207,321.07,388,0,0,177
1000198,135,77,1993,96.03,122.28,0,0,161
1000199,122,32,2126,427.8,508.31,0,0,96
1000200,5,99,1727,240.56,445.23,0,0,2875
1000201,88,36,2139,298.82,297.82,0,0,80
1000202,106,32,1727,403.55,404.55,0,0,242
1000203,95,81,1248,155.26,155.26,0,0,41
1000204,46,81,1109,224.1,281.36,1,0,675
1000205,76,59,2956,581.03,581.03,0,0,55
1000206,93,126,1727,445.23,446.23,0,0,296
1000207,55,51,2444,619.86,619.86,0,0,96
1000208,77,68,2492,445.23,445.23,0,0,69
1000209,20,83,2569,328.89,326.89,0,0,230
1000210,31,34,1971,289.06,289.06,0,0,297
1000211,112,109,2577,292.03,292.03,0,0,42
1000212,59,129,2956,631.53,630.53,0,0,27
1000214,38,23,1248,154.26,154.26,0,0,81
1000215,108,13,2577,213.46,290.03,1,0,553
1000216,36,106,2569,328.89,326.89,0,0,230
1000217,105,67,2867,669.33,669.33,0,0,41
1000218,82,110,1902,447.23,446.23,0,0,13
1000219,3,81,2322,321.07,322.1,0,1,433
1000220,121,110,2826,326.92,326.92,0,0,377
1000221,94,64,2707,186.24,186.27,1,0,391
1000222,34,143,1543,387.03,505.43,0,0,67
1000223,45,177,1207,315.31,313.31,0,0,324
1000224,100,104,1109,234.74,304.58,0,0,445
1000225,59,129,1216,435.53,437.53,0,0,53
1000226,60,32,2306,316.25,359.93,0,0,15
1000227,135,66,1230,366.72,365.72,0,0,149
1000228,142,93,2492,445.23,446.23,0,0,14
1000229,47,75,1971,244.5,311.43,1,0,419
1000230,125,17,2306,241.53,337.62,0,0,123
1000231,17,57,2631,96.03,260.93,0,0,13
1000232,82,93,1902,445.23,445.23,0,0,15
1000234,8,108,1847,243.5,243.5,0,0,27
1000235,138,104,1770,486.03,486.03,0,0,26
1000236,116,61,1885,96.03,97.03,0,0,162
1000238,74,177,2492,446.23,446.23,0,0,14
1000240,142,143,2640,321.13,321.13,0,0,134
1000241,120,72,2631,154.26,153.26,0,0,68
1000242,129,32,2126,428.8,508.31,0,0,54
1000243,101,42,1993,121.31,120.31,0,0,445
1000244,64,143,1902,445.23,445.23,0,0,40
1000245,137,43,2322,383.21,381.21,0,0,431
1000246,144,126,2577,320.13,321.13,0,0,55
1000247,34,50,1778,159.08,161.08,0,0,270
1000248,129,145,2867,765.33,767.33,0,0,13
1000249,111,17,2494,242.5,243.5,0,0,13
1000250,111,20,1207,315.25,514.13,1,0,148
1000251,126,157,2306,338.53,340.53,0,1,15
1000252,80,104,1971,309.43,311.43,0,0,284
1000253,48,124,1885,122.25,143.59,0,0,567
1000254,32,110,1230,315.31,314.31,0,0,338
1000255,70,89,2494,233.83,232.83,0,0,81
1000256,88,14,2569,314.28,363.81,0,0,55
1000257,57,30,2322,462.69,463.69,0,0,297
1000258,31,88,2631,153.32,260.93,0,1,135
1000260,22,58,1962,639.23,640.23,0,0,109
1000262,42,10,2867,620.86,618.86,0,0,162
1000263,97,55,2867,670.33,669.33,0,0,40
1000265,119,23,1847,194,242.5,0,1,122
1000266,13,76,1062,183.33,183.33,0,0,256
1000267,8,50,1558,615.95,617.95,0,0,107
1000268,124,145,1558,513.19,660.63,0,0,41
1000269,42,65,2490,244.5,244.5,1,1,1176
1000270,106,30,1885,145.53,146.53,0,0,932
1000272,130,177,1109,224.1,303.67,1,1,1797
1000273,46,113,2126,435.59,552.93,0,0,55
1000274,109,10,1216,340.5,388.03,0,0,96
1000275,105,39,2867,709.13,709.13,0,0,14
1000276,12,99,1216,407.43,455.93,0,0,28
1000277,95,89,2867,436.56,670.33,1,1,257
1000278,135,17,1993,150.35,150.35,0,0,107
1000279,109,51,1778,181.45,181.45,0,0,744
1000280,74,59,1962,680.03,679.03,0,0,163
1000281,92,88,1525,290.03,290.03,0,0,40
1000282,131,106,2826,325.92,327.92,0,0,528
1000283,92,26,2139,292.03,290.03,0,0,42
1000284,121,97,2631,92.15,155.26,1,0,80
1000285,135,39,2569,332.71,333.71,0,0,837
1000286,106,10,1902,388.03,447.23,0,0,121
1000287,141,146,1062,167.84,168.84,0,0,393
1000288,66,59,2956,630.53,631.53,0,0,14
1000289,101,137,2760,222.13,224.13,0,0,366
1000290,34,59,1062,162.05,183.36,0,0,636
1000291,143,53,2290,298.79,299.79,0,0,499
1000292,58,50,2631,146.5,146.5,0,0,80
1000293,91,57,2707,185.27,223.1,0,0,311
1000294,47,57,1230,322.07,321.07,0,0,161
1000295,69,80,2760,241.53,242.53,0,0,28
1000296,62,52,1445,608.19,608.19,0,0,68
1000297,66,43,1445,609.19,610.19,0,0,68
1000298,9,174,1311,160.05,194,0,0,325
1000299,31,34,2704,292.03,292.03,0,0,243
1000300,34,186,1543,260.96,504.43,0,0,352
1000302,24,89,1971,334.71,333.71,0,0,80
1000303,26,145,2539,120.28,120.28,0,0,149
1000305,130,104,1207,324.95,501.52,0,0,231
1000306,138,174,1109,252.2,308.49,0,0,1162
1000307,30,17,2494,195,243.5,0,0,13
1000308,57,51,2640,290.03,291.03,0,0,148
1000309,69,86,1207,461.78,461.78,0,0,123
1000310,10,36,2444,436.53,628.62,1,0,460
1000311,2,43,1803,162.99,161.99,0,0,931
1000312,53,43,1198,166.9,199.88,0,0,392
1000313,81,14,2539,145.53,145.53,0,0,271
1000314,70,23,2306,242.5,338.53,1,0,80
1000315,53,145,2631,155.26,155.26,0,0,28
1000317,109,50,1230,285.21,285.21,0,0,258
1000318,46,52,1216,407.43,408.43,0,0,94
1000319,7,41,1803,161.05,183.36,0,0,26
1000320,47,20,1727,446.23,445.23,0,0,123
1000321,48,73,2631,95.09,155.26,0,0,42
1000322,32,81,2707,203.7,229.92,0,0,162
1000323,141,149,1962,521.89,549.08,1,0,270
1000324,57,66,2569,260.93,328.89,1,0,1160
1000325,42,10,1248,149.38,149.38,0,0,148
1000326,95,177,2290,242.5,243.5,0,0,555
1000327,50,143,2631,99,155.26,0,0,82
1000328,87,24,1230,384.12,386.12,0,0,135
1000329,68,53,2707,190.12,191.12,0,0,622
1000331,11,102,2707,190.12,190.12,0,0,242
1000332,109,146,2492,308.46,446.23,0,1,337
1000333,44,55,1543,390,484.03,1,0,28
1000335,21,146,1207,318.19,318.19,0,0,190
1000336,16,157,2492,445.23,447.23,0,0,55
1000337,69,81,2492,446.23,445.23,0,0,15
1000338,97,50,1248,153.26,153.26,0,0,26
1000339,11,174,1971,243.5,302.64,1,0,1106
1000340,129,92,1543,469.51,468.51,0,0,94
1000341,91,11,1207,320.1,368.66,0,0,123
1000342,47,24,1778,161.05,183.39,0,0,365
1000343,21,110,2581,485.03,641.23,1,0,256
1000344,41,88,2290,310.43,309.43,0,0,230
1000345,17,149,1962,639.23,639.23,0,0,69
1000346,116,110,1962,469.51,641.23,1,1,392
1000347,20,23,1248,251.23,253.23,0,0,41
1000348,137,186,1216,418.13,416.13,0,0,82
1000349,32,73,1062,158.17,176.54,1,0,499
1000350,34,106,1062,152.35,151.35,0,0,296
1000351,110,186,1109,260.93,321.13,0,0,148
1000353,55,139,1885,114.49,96.09,0,1,393
1000354,145,64,2640,320.13,320.13,0,0,54
1000355,7,186,2577,243.53,242.53,0,0,40
1000356,6,65,2492,446.23,447.23,0,0,13
1000358,14,99,2640,282.33,281.33,0,0,82
1000359,54,137,2490,250.29,249.29,0,0,594
1000360,52,11,2631,155.26,155.26,0,0,82
1000361,126,92,1727,422.95,421.95,0,0,242
1000363,95,186,2290,243.5,244.5,1,0,528
1000364,2,108,1543,485.03,486.03,0,0,53
1000365,103,89,1198,195,196,0,0,311
1000366,131,137,1248,164.93,164.93,0,0,41
1000367,40,113,2569,328.89,326.89,0,0,312
1000368,126,50,2490,291.03,291.03,0,0,150
1000369,81,177,2826,311.43,310.43,0,0,176
1000370,56,161,2664,261.93,327.89,1,1,419
1000371,57,24,1727,446.23,445.23,0,0,526
1000372,110,186,1062,172.66,172.66,0,0,134
1000373,145,67,2139,284.21,284.21,0,0,67
1000374,82,113,2664,252.26,309.43,1,1,1094
1000375,28,81,2707,220.19,222.19,0,0,217
1000376,67,51,1311,116.4,117.4,0,0,149
1000377,86,30,1109,232.83,311.43,0,0,269
1000378,101,59,1525,290.03,290.03,0,0,297
1000379,117,34,1971,288.15,288.15,0,0,135
1000381,27,10,1962,485.03,622.77,1,0,730
1000382,64,61,2104,629.53,631.53,0,0,41
1000383,83,59,2539,145.5,145.5,0,1,824
1000384,36,65,2490,244.5,244.5,0,0,325
1000385,28,75,2444,570.36,571.36,0,0,136
1000386,119,24,1847,195,243.5,0,0,108
1000387,37,51,1445,669.33,668.33,0,0,54
1000388,84,52,1207,376.42,456.87,0,0,134
1000389,22,32,1248,235.74,261.93,0,0,15
1000390,76,104,1543,462.72,461.72,0,0,81
1000391,56,80,2494,241.56,241.56,0,0,28
1000393,126,27,1198,194.03,227.01,0,0,95
1000394,11,99,2290,299.73,300.73,0,0,485
1000395,20,57,1216,417.13,418.13,0,0,26
1000396,91,36,1754,309.43,311.43,0,0,134
1000397,87,24,1770,485.03,486.03,0,0,27
1000398,31,161,2581,641.23,640.23,0,0,134
1000400,84,149,1247,445.23,446.23,0,0,14
1000401,21,30,2492,387.03,388.03,0,0,80
1000402,124,17,1109,199.88,320.13,0,0,486
1000403,59,143,1754,298.76,299.76,0,0,393
1000404,88,126,1778,161.05,181.45,0,0,649
1000406,103,157,1109,192.09,339.5,0,0,68
1000407,141,174,1803,192.12,191.12,0,0,431
1000408,55,81,2306,243.5,340.53,0,0,42
1000410,114,55,1558,470.45,699.43,1,1,391
1000411,103,161,1558,639.23,641.23,0,0,53
1000412,45,92,2322,315.28,315.28,0,0,150
1000413,78,77,2139,277.48,277.48,0,0,28
1000414,97,65,2826,244.5,310.43,1,0,784
1000415,82,55,2492,340.5,387.03,0,0,53
1000416,93,86,2139,308.49,308.49,0,0,28
1000417,95,186,2539,122.25,121.25,0,0,40
1000418,60,73,2867,485.03,707.13,1,1,163
1000419,129,106,1902,447.23,445.23,0,0,14
1000420,32,53,2704,290.03,290.03,0,0,68
1000421,64,10,2290,270.63,271.63,0,0,1242
1000422,54,145,2126,438.5,553.93,0,1,26
1000423,85,97,1543,389.03,513.13,0,1,148
1000424,16,10,2139,435.53,437.53,0,0,28
1000425,87,186,1885,119.37,119.37,0,0,405
1000426,126,146,2306,336.62,335.62,0,0,82
1000427,7,10,2707,227.01,228.01,0,0,986
1000428,135,14,1558,547.08,639.23,1,1,215
1000430,89,50,2664,311.43,309.43,0,0,580
1000431,99,106,2444,709.13,709.13,0,0,27
1000432,1,52,1878,280.33,282.33,0,0,121
1000433,25,77,2581,615.04,615.04,0,0,81
1000434,19,58,2867,658.63,659.63,0,0,15
1000435,17,42,2304,387.03,503.43,0,0,54
1000436,103,124,2490,281.36,279.36,0,0,283
1000437,68,61,2640,282.33,280.33,0,0,310
1000439,141,50,1885,122.28,122.28,0,0,393
1000440,114,106,1445,707.13,709.13,0,0,41
1000441,130,93,2581,486.03,660.63,1,1,392
1000442,106,34,2640,282.33,282.33,0,0,312
1000443,120,139,1878,282.33,282.33,0,0,13
1000444,95,23,2492,387.03,387.03,0,0,15
1000445,21,143,2290,304.64,304.64,0,0,582
1000446,14,51,1754,290.03,291.03,0,0,526
1000447,61,17,2290,263.9,262.9,0,0,324
1000448,55,36,2322,467.57,470.45,0,1,95
1000449,48,86,1558,678.03,679.03,0,0,298
1000450,75,174,2867,602.37,603.37,0,0,162
1000451,84,109,1727,369.63,446.23,0,0,310
1000452,73,55,1971,290.03,291.03,0,0,162
1000453,37,14,1558,442.38,680.03,1,1,460
1000454,12,64,2290,303.67,303.67,0,0,487
1000455,117,51,1247,445.23,445.23,0,0,13
1000456,89,36,1878,291.03,291.03,0,0,82
1000457,136,52,2867,726.53,728.53,0,0,15
1000458,124,152,2139,280.33,281.33,0,0,40
1000459,2,132,1803,180.48,179.48,0,0,338
1000460,47,14,2490,252.2,254.2,0,0,269
1000461,75,162,2569,327.89,327.89,0,0,377
1000463,66,108,2304,486.03,485.03,0,0,14
1000464,68,32,2492,447.23,446.23,0,0,13
1000465,126,186,1727,421.95,422.95,0,0,175
1000466,120,59,1993,149.38,149.38,0,0,931
1000467,99,93,1885,122.28,120.28,0,0,256
1000468,109,153,1198,169.75,170.75,0,0,202
1000469,19,55,1207,379.3,379.3,0,0,55
1000470,144,14,2581,549.08,548.08,0,0,176
1000471,91,86,2126,437.53,534.53,0,0,26
1000472,140,113,1109,277.48,328.83,0,0,231
1000473,1,149,2290,310.43,309.43,0,0,189
1000474,97,162,2126,423.89,513.13,0,0,53
1000475,96,23,1885,149.38,151.38,0,0,554
1000476,13,161,1962,541.32,584.94,1,0,202
1000477,104,11,2306,248.32,349.26,1,0,244
1000478,137,129,2826,325.92,327.92,0,0,499
1000479,103,20,2444,668.33,668.33,0,0,81
1000480,68,65,2664,327.89,326.89,0,0,393
1000481,30,43,1438,194,242.5,0,0,68
1000482,128,161,1248,146.5,146.5,0,0,27
1000483,135,97,1109,276.45,328.89,0,0,566
1000484,69,50,1062,175.57,176.57,0,0,216
1000485,19,30,2139,435.53,436.53,0,0,14
1000486,76,27,2704,244.5,290.03,0,1,176
1000487,8,58,2290,164.96,311.43,0,1,1499
1000489,119,17,1525,291.03,292.03,0,0,134
1000490,118,30,1571,581.03,581.03,0,0,41
1000491,39,34,2322,314.28,315.28,0,0,107
1000492,49,51,1754,289.12,289.12,0,0,378
1000493,125,73,2492,446.23,446.23,0,0,27
1000494,78,153,2306,349.26,349.26,0,0,14
1000495,32,94,1971,242.5,290.06,1,1,2147
1000496,89,66,1445,707.13,709.13,0,0,67
1000497,97,55,1571,583.03,581.03,0,0,27
1000498,139,177,2640,321.13,319.13,0,0,53
1000499,39,17,1230,458.81,459.81,0,0,27
1000500,94,132,2492,387.03,387.03,0,0,27
1000501,127,89,2640,291.03,290.03,0,0,108
1000503,30,66,2444,658.63,659.63,0,0,53
1000504,46,99,1878,280.33,280.33,0,0,41
1000507,97,97,1571,583.03,581.03,0,0,163
1000508,121,74,1216,416.13,417.13,0,0,28
1000509,139,75,2631,98.03,153.26,0,1,298
1000510,65,146,2664,320.16,320.16,0,0,634
1000511,106,88,1543,473.39,472.39,0,0,109
1000514,11,109,1803,182.36,212.43,0,0,283
1000515,119,132,1878,291.03,291.03,0,0,95
1000516,127,74,2306,336.62,335.62,0,0,15
1000517,68,101,1727,447.23,447.23,0,0,393
1000518,18,99,2494,244.5,242.5,0,0,108
1000519,15,34,1247,456.93,455.93,0,0,54
1000520,128,157,1230,363.78,363.78,0,0,190
1000521,62,10,2581,438.47,680.03,1,1,298
1000522,17,83,2306,340.53,338.53,0,0,14
1000523,144,109,1198,170.75,226.01,0,0,297
1000524,118,110,2569,310.43,311.43,0,0,231
1000525,119,30,1230,385.12,386.12,0,0,95
1000526,70,11,2826,320.13,320.13,0,0,931
1000527,28,104,2444,533.53,619.86,0,0,82
1000528,18,102,1754,191.12,275.48,1,1,1743
1000529,106,104,1198,179.45,233.77,0,0,217
1000530,12,157,2707,190.12,222.16,0,0,244
1000532,37,17,1438,194,257.08,0,0,27
1000533,85,34,1558,495.67,641.23,1,0,177
1000534,68,106,2290,272.63,271.63,0,0,567
1000535,78,52,1543,486.03,484.03,0,0,95
1000536,97,113,2539,119.34,120.34,0,0,67
1000537,23,30,2826,321.13,319.13,0,0,553
1000538,37,124,1770,485.03,484.03,0,0,13
1000539,102,162,1962,640.23,641.23,0,0,55
1000540,141,72,1847,194,194,0,0,94
1000541,46,101,2826,272.57,319.13,1,0,285
1000542,99,143,1207,290.03,325.98,0,0,27
1000543,96,76,2704,243.53,292.03,0,1,123
1000544,11,30,2704,243.53,291.03,0,1,123
1000545,52,86,1445,399.64,630.56,1,0,297
1000546,71,36,1109,195.94,319.13,0,0,663
1000547,56,129,2290,271.63,270.63,0,0,621
1000548,96,20,1962,678.03,679.03,0,0,108
1000549,133,106,1558,533.53,532.53,0,0,202
1000551,11,102,1885,123.25,121.25,0,0,107
1000552,48,52,1847,234.8,232.8,0,0,67
1000553,134,66,2867,484.03,765.33,1,0,150
1000554,27,101,2760,173.63,243.53,0,0,177
1000555,41,89,2444,485.03,620.86,1,0,447
1000556,47,17,1543,485.03,484.03,0,1,14
1000558,113,152,1770,485.03,486.03,0,0,81
1000559,49,101,1109,321.13,320.13,0,0,379
1000560,113,94,2539,98.03,98.03,0,0,190
1000561,33,113,2704,290.03,290.03,0,0,28
1000562,17,137,1198,153.26,154.26,0,0,702
1000563,112,27,2956,582.03,582.03,0,0,149
1000564,142,162,1778,156.2,176.54,0,0,95
1000565,78,26,2126,513.13,515.13,0,0,67
1000566,106,20,2826,327.86,327.86,0,0,231
1000567,139,174,1962,549.08,640.23,0,0,447
1000568,72,102,2290,261.93,261.93,0,0,366
1000569,104,152,2539,98,122.28,1,0,54
1000570,37,73,1109,262.9,296.85,0,0,338
1000571,97,76,2826,243.5,299.76,0,0,472
1000572,45,41,1778,166.87,165.87,0,0,80
1000573,62,32,2139,309.49,307.49,0,0,13
1000574,57,152,1885,115.43,117.43,0,0,379
1000575,82,50,2631,154.26,153.26,0,0,40
1000576,114,186,2956,583.03,581.03,0,0,27
1000577,38,109,1962,435.59,678.03,1,1,715
1000578,109,146,1778,164.9,164.9,0,0,215
1000579,4,104,1885,135.86,135.86,0,1,1026
1000580,65,77,1230,323.01,325.01,0,0,68
1000581,2,42,1230,321.13,319.13,0,0,95
1000582,24,113,1230,317.19,318.19,0,0,96
1000583,102,66,1525,292.03,290.03,0,0,135
1000584,69,42,1878,280.33,280.33,0,0,269
1000585,8,72,1109,236.74,311.43,0,0,392
1000587,77,91,1109,309.43,310.43,0,0,81
1000588,145,113,1248,150.38,151.38,0,0,53
1000589,140,67,2444,727.53,727.53,0,0,82
1000590,31,67,1230,376.36,378.36,0,0,161
1000591,107,129,2631,145.5,145.5,0,0,54
1000593,54,174,2126,438.5,533.53,0,1,82
1000594,94,145,2139,288.15,286.15,0,0,95
1000596,88,86,1770,486.03,485.03,0,0,27
1000597,33,99,1971,309.43,309.43,0,0,15
1000598,127,13,1993,151.35,150.38,0,1,2213
1000599,90,39,2569,309.43,309.43,0,0,1094
1000600,69,65,2139,242.5,307.49,0,0,27
1000601,113,102,1062,154.23,178.54,0,0,445
1000602,52,109,1993,122.28,143.56,1,1,1203
1000603,19,129,1727,426.83,425.83,0,0,134
1000604,119,24,2306,335.62,336.62,0,0,40
1000605,95,102,1230,306.58,305.58,0,0,297
1000606,96,59,1438,196,194,0,0,28
1000607,9,59,1558,582.03,582.03,0,0,82
1000608,144,11,1847,194,195,0,0,95
1000609,127,91,1109,309.43,311.43,0,0,82
1000610,20,34,2640,241.53,242.53,0,0,298
1000611,83,93,2444,629.53,629.53,0,0,14
1000612,67,162,2306,243.5,338.53,0,0,15
1000613,80,14,1525,241.53,290.03,0,0,136
1000614,18,65,1230,317.22,322.07,1,1,338
1000615,84,55,1778,185.33,183.33,0,0,231
1000616,96,53,1248,155.26,153.26,0,0,54
1000617,87,36,2956,583.03,583.03,0,0,134
1000618,26,81,1754,282.33,280.33,0,0,366
1000619,93,106,2290,262.93,261.93,0,0,743
1000620,119,113,1525,292.03,291.03,0,0,15
1000621,7,58,1207,317.25,315.25,0,0,270
1000622,104,64,2569,310.43,309.43,0,0,338
1000623,77,177,1885,117.37,118.37,0,0,298
1000624,2,20,2826,328.83,330.83,0,0,324
1000625,104,88,1885,95.06,116.4,1,1,662
1000626,134,23,1198,340.53,339.53,0,0,13
1000627,77,26,2640,281.33,282.33,0,1,108
1000628,18,42,1558,640.23,640.23,0,0,13
1000629,87,101,1445,670.33,668.33,0,0,41
1000630,1,61,2704,242.5,275.51,0,0,107
1000631,17,137,1971,324.04,322.04,0,0,122
1000632,88,50,1230,322.1,322.1,0,0,123
1000633,73,91,2704,244.5,291.03,0,0,14
1000634,14,157,1754,252.23,253.23,0,0,350
1000636,92,27,2826,299.76,298.76,0,0,364
1000637,130,161,1207,302.67,368.63,0,0,41
1000639,80,137,1885,144.56,145.53,0,1,1634
1000640,44,75,1993,122.28,120.28,0,0,568
1000641,46,72,2707,228.98,227.98,0,0,379
1000643,81,110,2126,514.13,514.13,0,0,80
1000644,85,92,1248,94.15,149.38,1,1,310
1000645,107,101,2490,281.36,279.36,0,0,285
1000646,129,23,1248,157.17,156.17,0,0,26
1000647,71,106,2539,122.25,122.25,0,0,54
1000648,91,59,2444,437.53,669.33,1,1,256
1000650,92,143,2490,243.5,242.5,0,0,161
1000651,42,139,2490,243.5,243.5,1,1,918
1000652,8,53,2704,292.03,292.03,0,1,107
1000653,122,129,1727,447.23,445.23,0,0,177
1000654,135,104,1754,300.73,299.73,0,0,701
1000655,121,30,2707,237.65,239.65,0,0,744
1000656,114,83,2490,292.03,290.03,0,0,163
1000657,42,66,2707,219.22,219.22,0,0,270
1000658,66,143,1885,123.25,122.25,0,0,148
1000659,94,67,1311,195.94,196.94,0,0,177
1000660,128,104,2867,688.73,688.73,0,0,55
1000661,93,143,2139,291.03,290.03,0,0,42
1000663,12,113,1993,115.49,115.49,0,0,338
1000664,94,17,2581,679.03,680.03,0,0,94
1000665,35,152,2290,298.76,300.76,0,0,796
1000667,27,20,2290,309.43,311.43,0,0,162
1000668,91,17,1727,340.53,445.23,0,0,351
1000669,77,14,2290,309.49,309.49,0,0,188
1000670,48,77,1558,640.23,641.23,0,0,41
1000671,110,145,1207,309.43,310.43,0,0,310
1000672,43,57,1778,179.51,178.51,0,0,202
1000673,34,77,1207,321.07,322.07,0,0,202
1000674,2,14,1216,456.93,456.93,0,0,14
1000675,40,58,2139,298.82,297.82,0,0,14
1000676,112,51,1885,148.44,149.44,0,0,513
1000677,72,186,2290,240.59,239.59,0,0,528
1000678,145,102,1109,276.48,277.48,0,0,109
1000679,119,68,1525,292.03,291.03,0,0,94
1000680,26,162,1247,485.03,486.03,0,0,15
1000681,16,67,1962,610.13,610.13,0,0,204
1000682,119,97,2640,281.33,281.33,0,0,270
1000683,143,43,1230,383.18,382.18,0,0,242
1000684,49,161,1727,403.55,404.55,0,0,202
1000686,11,39,1543,505.43,504.43,0,0,40
1000687,9,106,2707,221.16,221.16,0,0,271
1000688,111,32,1878,281.33,280.33,0,0,68
1000689,105,66,1878,281.33,282.33,0,0,365
1000690,133,101,2760,242.53,242.53,0,0,27
1000691,68,14,2704,290.03,290.03,0,0,55
1000692,83,57,2539,118.34,118.34,0,0,54
1000693,122,27,1311,271.63,272.63,0,0,69
1000694,7,52,1198,198.88,197.88,0,0,284
1000695,61,139,2707,222.13,222.13,0,0,95
1000696,65,88,2867,484.03,631.53,1,0,54
1000697,55,64,1207,315.28,314.28,0,0,94
1000699,114,76,2306,243.5,359.93,1,1,81
1000700,26,89,2490,254.2,253.2,0,0,204
1000701,119,162,1062,183.33,183.33,0,0,96
1000702,106,124,2569,304.64,304.64,0,0,393
1000703,56,106,1727,402.55,403.55,0,0,148
1000704,76,42,2956,631.53,631.53,0,0,40
1000705,30,27,1803,162.05,189.18,0,0,270
1000706,102,80,1109,298.82,298.82,0,0,338
1000707,79,61,1109,305.61,305.61,0,0,283
1000708,60,20,1216,408.43,407.43,0,0,26
1000709,42,93,1062,175.6,176.6,0,0,404
1000710,77,174,1993,144.53,146.53,0,1,1675
1000711,129,64,1993,119.34,119.34,0,0,136
1000713,84,137,1207,373.48,466.63,0,0,134
1000714,39,43,1216,367.63,368.63,0,0,94
1000715,11,83,1525,242.53,281.33,0,0,122
1000716,35,61,2290,293.94,294.94,0,0,757
1000717,51,129,1445,631.53,630.53,0,0,54
1000719,84,109,1558,484.03,679.03,1,1,351
1000720,123,59,2577,241.53,290.03,0,0,217
1000721,72,51,1311,197.94,197.94,0,0,177
1000722,139,57,1207,359.93,357.93,0,0,177
1000723,8,58,1525,282.33,280.33,0,0,41
1000724,21,97,2704,260.02,259.02,0,0,204
1000725,50,126,1438,240.56,242.56,0,0,176
1000726,101,124,2444,435.53,670.33,1,1,310
1000727,4,161,2577,241.53,243.53,0,0,148
1000728,95,104,2490,268.69,268.69,0,0,216
1000729,20,145,1216,416.13,416.13,0,0,54
1000730,120,81,1778,172.72,170.72,0,0,202
1000731,90,57,2126,426.83,513.13,0,0,42
1000732,77,57,2640,281.33,282.33,0,0,26
1000733,8,110,1993,94.15,120.34,1,0,879
1000735,134,162,1902,445.23,447.23,0,0,15
1000736,40,58,2490,242.5,244.5,0,0,323
1000737,35,13,1770,486.03,485.03,0,0,69
1000738,95,94,1971,289.06,291.06,0,0,215
1000739,10,68,1993,106.7,108.7,0,0,352
1000740,124,132,1847,194,195,0,0,107
1000741,27,64,1885,119.37,119.37,0,0,325
1000742,141,162,1207,357.96,357.96,0,0,136
1000743,38,99,1558,433.59,678.03,1,0,1081
1000744,109,75,1902,447.23,445.23,0,0,14
1000745,71,34,2322,321.07,321.07,0,0,163
1000746,20,83,1754,281.33,282.33,0,0,419
1000747,2,152,1543,504.43,505.43,0,0,68
1000749,68,72,2290,286.15,288.15,0,0,473
1000750,136,113,1971,323.07,323.07,0,0,458
1000751,102,11,1445,668.33,669.33,0,0,134
1000752,110,162,1727,376.39,375.39,0,0,163
1000753,39,186,1885,93.12,93.12,0,0,554
1000754,50,75,1962,641.23,639.23,0,0,81
1000755,84,23,1525,292.03,290.03,0,0,95
1000756,130,55,1198,185.3,228.01,0,0,148
1000757,103,77,2631,94.09,154.26,0,0,41
1000758,71,65,1247,416.13,417.13,0,0,40
1000759,67,91,1109,229.95,319.13,0,0,95
1000760,124,59,1248,97,153.26,0,0,150
1000761,41,108,2867,485.03,620.86,1,1,339
1000762,102,10,1230,320.1,321.1,0,0,244
1000763,81,72,2539,145.5,146.53,0,1,216
1000764,28,110,1993,118.34,120.34,0,0,500
1000765,143,94,1878,319.13,321.13,0,0,27
1000767,98,93,2490,244.5,244.5,0,0,162
1000768,50,129,2581,641.23,640.23,0,0,68
1000769,119,174,2631,155.26,153.26,0,0,203
1000770,28,52,1727,445.23,447.23,0,0,486
1000771,14,129,2760,198.88,232.83,0,0,135
1000773,113,67,2306,248.35,359.93,1,1,296
1000774,120,174,2104,583.03,581.03,0,0,136
1000775,119,108,2290,266.75,299.73,1,0,1970
1000776,8,94,1525,282.33,280.33,0,0,15
1000777,118,76,2539,150.35,152.35,0,0,149
1000778,109,146,2126,486.94,486.94,0,0,96
1000779,110,23,2490,291.03,290.03,0,0,161
1000780,55,186,1778,176.6,174.6,0,0,80
1000781,111,20,1216,340.5,388.03,0,0,67
1000782,51,23,2539,125.19,143.59,0,1,175
1000783,139,83,2826,326.92,326.92,0,0,445
1000784,122,59,1207,513.13,514.13,0,0,54
1000785,117,174,2322,379.27,492.82,0,0,257
1000786,16,14,1770,485.03,485.03,0,0,13
1000787,112,76,2640,291.03,292.03,0,0,14
1000788,66,27,2139,290.03,290.03,0,0,55
1000789,65,129,1727,427.83,425.83,0,0,283
1000791,3,106,1543,505.43,505.43,0,0,15
1000792,118,50,1230,322.04,322.04,0,0,242
1000793,43,80,1727,445.23,445.23,0,0,594
1000794,44,67,1962,678.03,680.03,0,0,445
1000795,40,43,2322,450.08,450.08,0,0,163
1000798,46,145,1230,317.22,317.22,0,0,459
1000799,10,10,1803,129.04,175.63,0,0,203
1000800,115,143,1445,709.13,709.13,0,0,41
1000801,81,30,1885,144.53,144.53,0,0,1054
1000802,109,126,1248,154.26,155.26,0,0,55
1000803,34,14,2640,280.33,282.33,0,0,80
1000804,138,80,2304,371.54,486.03,1,0,82
1000805,69,50,1525,291.03,292.03,0,0,107
1000806,70,92,1885,115.43,115.43,0,0,96
1000807,120,20,2867,688.73,688.73,0,0,82
1000808,4,65,1543,484.03,484.03,0,1,94
1000809,111,32,2306,340.53,340.53,0,0,53
1000810,35,11,1971,311.43,310.43,0,0,514
1000811,36,81,2322,319.13,319.13,0,0,271
1000812,34,129,1971,259.99,258.99,0,0,229
1000813,6,66,1525,282.33,281.33,0,0,26
1000814,118,81,1248,155.26,153.26,0,0,68
1000815,96,143,1109,318.16,320.16,0,0,296
1000816,120,132,2640,291.03,291.03,0,0,202
1000817,77,174,2581,679.03,680.03,0,0,68
1000818,85,93,2569,311.43,310.43,0,0,243
1000819,42,129,1207,324.98,325.98,0,0,69
1000820,145,76,2826,377.33,377.33,0,0,243
1000821,82,106,1885,119.31,120.31,0,0,607
1000822,117,108,2867,688.73,688.73,0,0,121
1000823,3,68,1885,97.03,115.49,0,1,528
1000825,64,126,2631,151.35,150.35,0,0,68
1000826,89,73,1109,287.12,321.13,0,0,136
1000827,113,137,2290,301.73,300.73,0,0,971
1000828,53,72,1525,291.03,292.03,0,0,149
1000829,79,30,1571,582.03,582.03,0,0,53
1000830,36,86,2826,318.19,318.19,0,0,392
1000832,79,30,2304,484.03,485.03,0,0,82
1000833,100,65,1230,302.64,303.64,0,0,188
1000834,59,59,2539,146.53,144.53,0,0,460
1000835,41,77,2306,243.5,338.53,0,0,41
1000836,71,57,2631,95.09,150.38,0,0,80
1000837,98,61,1247,446.23,445.23,0,0,13
1000838,28,29,1230,319.16,318.16,0,0,244
1000839,16,55,1207,319.19,388,0,1,269
1000840,82,11,1962,679.03,680.03,0,0,231
1000841,2,143,1558,583.03,610.13,1,1,80
1000842,28,146,1878,280.33,282.33,0,0,649
1000843,49,88,1754,215.4,282.33,0,0,824
1000844,83,66,2306,338.53,338.53,0,0,26
1000847,100,57,2322,315.25,316.25,0,0,204
1000848,143,36,2539,150.35,152.35,0,0,242
1000849,62,110,2707,216.31,217.31,0,0,202
1000850,81,157,1062,174.66,173.66,0,0,364
1000851,88,14,2139,308.49,308.49,0,0,28
1000852,136,152,1230,313.37,368.63,0,0,55
1000853,42,68,2322,324.98,325.98,0,0,68
1000854,7,51,1878,245.47,282.33,0,1,229
1000855,116,74,2631,155.26,155.26,0,0,13
1000856,60,89,2304,461.72,463.72,0,0,53
1000857,106,14,1878,291.03,290.03,0,0,40
1000858,35,186,2539,95.06,97.06,0,0,148
1000859,74,14,2664,321.13,321.13,0,0,244
1000860,48,132,1311,144.56,239.59,0,0,269
1000861,122,94,1878,282.33,280.33,0,0,54
1000862,141,97,1247,445.23,446.23,0,0,14
1000863,46,113,1230,318.19,319.19,0,0,202
1000864,37,27,1885,144.56,135.83,0,1,1175
1000865,51,36,1878,280.33,282.33,0,0,175
1000866,87,145,2306,243.5,349.23,0,0,55
1000867,38,24,2760,242.53,242.53,0,0,204
1000868,73,67,1198,134.83,208.61,0,0,256
1000869,42,137,2322,373.51,459.81,0,0,161
1000870,95,89,2322,323.98,374.48,0,0,123
1000871,134,94,2826,325.92,326.92,0,0,323
1000872,85,132,2867,670.33,669.33,0,0,26
1000873,115,27,2304,473.39,472.39,0,0,41
1000874,35,83,1062,161.08,160.08,0,0,540
1000875,69,67,1778,181.39,181.39,0,0,285
1000876,13,94,2304,505.43,505.43,0,0,27
1000877,84,146,2126,514.13,514.13,0,0,176
1000878,15,157,1727,320.13,319.13,0,0,473
1000879,41,149,2322,321.1,322.1,0,0,134
1000880,14,104,1878,280.33,281.33,0,0,149
1000881,4,102,2539,120.28,121.25,0,1,161
1000882,4,23,1770,339.53,484.03,0,0,13
1000883,32,129,1445,709.13,709.13,0,0,40
1000884,49,174,2581,679.03,679.03,0,0,217
1000885,122,43,2290,279.36,311.37,0,0,1931
1000886,92,153,1109,298.76,298.76,0,0,379
1000887,86,65,2539,96.03,119.31,1,0,202
1000888,129,10,2494,195,194,0,0,150
1000889,17,68,1062,158.17,177.54,0,0,217
1000891,124,30,1847,195,195,0,0,40
1000892,45,76,1248,150.35,152.35,0,0,69
1000893,74,106,2322,305.55,384.15,0,1,595
1000894,37,72,1207,476.33,476.33,0,0,27
1000895,93,83,2492,445.23,445.23,0,0,42
1000896,37,50,1247,484.03,484.03,0,0,80
1000897,98,129,2707,193.09,192.09,0,0,271
1000898,107,64,1207,278.39,314.31,0,1,229
1000899,73,89,2826,349.23,350.23,0,0,688
1000900,30,102,1558,641.23,641.23,0,0,55
1000901,140,137,2306,212.49,335.62,1,0,82
1000902,1,30,1993,135.83,152.35,0,1,1283
1000903,76,108,1109,301.73,299.73,0,0,838
1000904,72,157,1778,164.9,164.9,0,0,54
1000905,15,91,1971,322.04,323.04,0,0,28
1000906,36,23,1778,163.99,184.33,0,0,690
1000908,89,30,1198,179.45,319.13,0,0,217
1000909,124,43,2577,242.53,292.03,0,0,135
1000911,115,137,1198,183.33,184.33,0,0,539
1000912,41,177,2581,639.23,641.23,0,0,67
1000913,82,80,2640,292.03,290.03,0,1,67
1000915,38,74,1971,274.51,275.51,0,0,378
1000918,96,65,1878,282.33,281.33,0,0,391
1000919,144,32,2760,184.36,262.93,0,0,28
1000920,112,11,1438,242.5,244.5,0,0,40
1000921,16,74,1885,123.25,123.25,0,0,161
1000922,66,52,1571,629.53,631.53,0,0,26
1000923,76,152,1247,446.23,446.23,0,0,13
1000924,114,81,2569,283.3,281.3,0,0,324
1000925,100,27,2704,290.03,290.03,0,1,203
1000926,18,57,1878,242.53,242.53,0,0,42
1000927,67,68,1993,123.25,122.25,0,0,392
1000928,64,108,2956,629.53,630.53,0,0,26
1000929,137,42,2492,455.93,454.93,0,0,68
1000930,14,72,2444,620.86,619.86,0,0,41
1000931,129,61,1248,155.26,153.26,0,0,55
1000932,100,174,1993,150.41,145.53,0,1,1432
1000933,126,17,2640,291.03,290.03,0,0,162
1000934,76,186,2322,321.07,323.07,0,0,229
1000935,7,152,2760,231.83,233.83,0,0,135
1000937,122,110,2490,243.5,242.5,0,0,270
1000939,131,20,2490,292.03,290.03,0,0,163
1000940,58,132,2126,532.53,533.53,0,0,68
1000941,61,101,2490,254.2,252.2,0,0,339
1000942,85,83,1902,445.23,445.23,0,0,26
1000943,135,42,2760,262.93,260.93,0,0,82
1000944,93,67,1847,195,225.07,0,0,95
1000945,118,42,2956,581.03,581.03,0,0,108
1000946,145,93,2490,279.36,279.36,0,0,175
1000947,79,30,2640,291.03,290.03,0,0,244
1000948,85,81,2290,238.62,239.62,0,0,823
1000949,10,113,2867,435.53,658.63,1,0,190
1000950,125,42,1230,323.01,324.01,0,0,204
1000951,44,43,2444,618.86,619.86,0,0,258
1000952,104,153,2826,329.86,327.86,0,0,297
1000953,99,93,1727,404.55,402.55,0,0,231
1000955,99,41,2490,281.36,279.36,0,0,82
1000956,51,65,1902,486.03,485.03,0,0,14
1000957,93,55,2569,310.46,308.46,0,0,54
1000958,127,77,2569,339.53,339.53,0,0,487
1000959,14,64,2826,328.86,329.86,0,0,258
1000960,60,137,2664,286.15,336.65,0,0,730
1000961,25,161,2539,95.06,96.06,0,0,161
1000963,9,89,2492,388.03,388.03,0,0,27
1000964,93,149,1216,339.5,436.53,0,0,95
1000965,51,75,2867,629.53,629.53,0,0,14
1000966,3,93,1878,243.53,242.53,0,0,161
1000968,81,81,2577,280.33,282.33,0,0,96
1000969,118,106,1885,118.4,118.4,0,0,620
1000970,145,17,1445,728.53,728.53,0,0,13
1000971,63,83,2577,282.33,281.33,0,0,41
1000972,37,113,1525,243.5,242.5,0,0,26
1000973,60,76,1109,178.48,321.13,0,0,460
1000974,116,13,1216,417.13,418.13,0,0,135
1000975,92,11,2304,485.03,485.03,0,0,80
1000976,40,51,2494,195,256.08,0,0,80
1000977,122,94,2631,98,152.35,0,0,40
1000978,105,74,1525,262.93,291.03,0,1,13
1000979,74,13,1109,279.42,278.42,0,0,1824
1000980,41,11,1230,466.63,466.63,0,0,150
1000981,143,186,1778,150.41,175.63,0,0,150
1000982,71,83,2322,322.1,321.1,0,0,270
1000983,76,76,1803,173.63,255.11,0,0,149
1000984,130,68,1216,417.13,417.13,0,0,14
1000986,3,61,1558,611.13,611.13,0,0,134
1000987,7,177,1445,660.63,658.63,0,0,26
1000988,85,161,2304,226.04,736.23,0,0,69
1000989,44,27,1438,217.28,218.28,0,0,123
1000990,142,41,2306,337.62,336.62,0,0,15
1000991,66,126,1558,678.03,679.03,0,0,69
1000992,145,77,2826,326.92,326.92,0,0,204
1000993,132,162,1993,118.4,116.4,0,0,67
1000994,30,30,2569,361.81,363.81,0,0,176
1000995,114,73,1727,421.95,422.95,0,0,123
1000996,80,92,1248,97,153.26,0,0,81
1000997,106,73,1770,411.28,484.03,0,0,40
1000998,98,109,1727,446.23,447.23,0,0,256
1000999,119,88,2492,446.23,447.23,0,0,55
1001000,79,26,2867,515.13,629.53,0,0,41
1001001,98,17,1248,146.5,147.5,0,0,28
1001002,125,34,2640,280.33,280.33,0,0,311
1001003,83,161,2760,242.53,241.53,0,0,150
1001004,47,20,1778,161.99,182.39,0,0,730
1001005,65,26,2707,224.13,224.13,0,0,121
1001006,101,86,1754,318.16,320.16,0,0,1162
1001007,142,67,1878,320.13,321.13,0,0,216
1001008,41,113,1778,177.54,178.54,0,0,352
1001009,95,27,2290,244.47,303.64,0,0,1107
1001010,137,88,1778,159.14,180.42,0,0,177
1001011,93,162,2760,241.53,242.53,0,0,27
1001012,119,83,2304,389.03,473.39,0,1,82
1001013,111,99,1109,188.18,309.43,0,0,379
1001014,89,174,2494,212.43,212.43,0,0,135
1001015,68,72,1847,242.53,243.53,0,0,28
1001016,84,81,2539,119.34,118.34,0,0,161
1001017,55,91,1778,184.33,183.33,0,0,54
1001018,22,26,1971,245.44,291.03,1,1,593
1001019,145,143,2760,184.36,262.93,0,0,15
1001020,123,74,2490,255.14,256.14,0,0,40
1001021,8,52,2867,668.33,670.33,0,0,28
1001022,138,43,1062,194.06,194.06,0,0,784
1001024,23,104,1878,282.33,282.33,0,1,123
1001025,110,13,1770,485.03,486.03,0,0,123
1001026,58,80,2490,254.2,252.2,0,0,567
1001027,9,72,1993,145.53,145.53,0,0,649
1001028,37,152,1962,435.59,641.23,1,1,851
1001029,106,29,1230,281.3,287.12,0,1,393
1001030,126,32,1754,283.24,283.24,0,0,567
1001031,65,108,2322,365.69,427.8,0,1,325
1001032,131,67,1847,194,195,0,0,148
1001033,73,177,2581,639.23,639.23,0,0,163
1001034,24,59,1962,610.13,612.13,0,0,244
1001036,71,57,2290,270.63,271.63,0,0,406
1001038,44,29,2322,325.98,325.98,0,0,161
1001039,39,161,1558,435.59,640.23,0,1,136
1001040,56,81,1062,170.75,170.75,0,0,447
1001041,22,108,1993,146.53,146.53,0,0,931
1001042,34,10,1248,150.35,150.35,0,0,204
1001043,55,113,2539,107.73,106.73,0,0,41
1001044,54,73,1727,402.55,403.55,0,0,94
1001046,142,43,1109,286.15,287.15,0,0,904
1001047,126,86,1971,322.04,323.04,0,0,865
1001048,105,94,2707,181.42,181.42,0,0,230
1001049,93,67,1311,170.78,168.78,0,0,459
1001050,29,32,1878,282.33,282.33,0,0,54
1001052,94,104,1847,195,196,0,0,109
1001053,105,51,1754,317.19,317.19,0,0,838
1001054,127,92,2867,726.53,728.53,0,0,15
1001055,72,61,1230,324.01,325.01,0,0,96
1001056,122,139,1230,316.28,315.28,0,0,298
1001058,5,139,2444,486.03,659.63,1,0,14
1001059,120,91,2631,155.26,155.26,0,0,14
1001060,65,91,1993,146.5,147.5,0,0,81
1001061,64,11,2664,277.42,321.13,0,0,755
1001063,124,23,2631,99,151.35,0,0,67
1001064,113,32,1778,161.02,161.02,0,0,135
1001065,124,39,1230,318.16,319.16,0,0,80
1001066,79,50,1558,463.69,639.23,1,0,69
1001068,124,89,2867,687.73,688.73,0,0,15
1001069,108,14,2581,486.03,679.03,0,1,433
1001070,50,113,1248,96.09,155.26,0,0,40
1001072,100,23,2126,534.53,532.53,0,0,40
1001073,75,177,2704,242.5,292.03,0,0,96
1001074,29,145,2539,120.28,122.28,0,0,406
1001075,116,42,1993,98.03,97.03,0,0,270
1001076,64,61,1230,322.1,321.1,0,0,109
1001077,130,27,1543,469.51,470.51,0,0,123
1001079,36,55,2760,243.53,243.53,0,0,15
1001080,131,83,2760,260.93,260.93,0,0,107
1001081,108,152,1727,403.55,403.55,0,0,229
1001082,25,177,1727,247.38,427.83,1,1,1431
1001083,80,67,2581,678.03,678.03,0,0,188
1001084,94,149,2760,243.53,242.53,0,0,55
1001085,16,50,2581,640.23,639.23,0,0,80
1001086,144,157,2760,184.36,261.93,0,0,96
1001087,129,36,2494,195,243.5,0,1,121
1001088,33,80,1230,337.62,372.54,1,0,177
1001089,114,61,2104,588.79,590.79,0,0,82
1001090,79,143,2444,514.13,629.53,0,0,53
1001091,76,174,2539,144.56,143.56,0,0,742
1001092,52,143,2492,446.23,445.23,0,0,135
1001093,129,109,1198,169.75,171.75,0,0,107
1001094,66,64,2826,329.86,328.86,0,0,162
1001096,34,34,2640,280.33,280.33,0,0,285
1001097,38,67,1543,486.03,484.03,0,0,67
1001098,58,57,2539,119.34,120.34,0,0,123
1001099,58,77,2290,242.53,242.53,0,0,485
1001100,126,11,1778,181.45,179.45,0,0,850
1001102,59,27,2760,214.43,242.53,0,0,258
1001103,90,58,2290,195.03,245.41,1,0,1554
1001104,28,99,1248,154.26,253.23,0,0,54
1001105,89,32,1778,163.02,180.45,0,0,135
1001107,121,13,1878,291.03,290.03,0,0,189
1001109,55,67,2490,253.2,254.2,0,0,352
1001110,27,132,1109,306.58,305.58,0,0,878
1001111,144,39,2492,445.23,445.23,0,0,55
1001112,79,57,1543,514.13,515.13,0,0,28
1001113,109,89,2444,669.33,669.33,0,1,53
1001114,131,94,2704,262.93,319.13,0,0,27
1001115,20,76,1727,445.23,446.23,0,0,270
1001116,30,101,1885,122.28,121.28,0,0,541
1001117,52,132,1248,153.26,155.26,0,0,55
1001118,124,143,2290,266.75,268.75,0,0,932
1001119,83,109,1445,668.33,668.33,0,0,40
1001120,125,74,1062,185.33,185.33,0,0,134
1001121,11,29,2704,242.53,282.33,0,1,109
1001122,45,108,2322,412.25,413.25,0,0,95
1001123,65,146,2490,194.03,244.5,1,1,945
1001124,28,68,2867,616.92,618.92,0,0,41
1001126,99,89,2490,280.36,281.36,0,0,149
1001127,133,153,2492,286.21,389.03,0,1,123
1001128,66,76,2581,680.03,678.03,0,0,68
1001129,57,51,2490,253.2,253.2,0,0,553
1001130,44,106,1971,290.06,291.06,0,0,310
1001131,10,162,1754,281.33,280.33,0,0,420
1001132,48,106,2704,292.03,292.03,0,0,135
1001133,131,106,2581,484.03,659.63,1,0,188
1001134,128,108,1993,151.35,144.56,0,1,728
1001135,81,72,1207,375.39,465.63,0,0,41
1001136,7,11,1525,290.03,291.03,0,0,393
1001137,125,32,2492,446.23,447.23,0,0,42
1001138,72,174,2139,290.03,291.03,0,0,41
1001139,134,57,1543,484.09,484.09,0,0,42
1001140,68,149,2444,630.53,709.13,0,0,41
1001141,115,39,2640,282.33,282.33,0,0,82
1001142,87,42,1062,176.57,175.57,0,0,284
1001143,54,75,2581,641.23,640.23,0,0,271
1001144,6,75,1971,290.03,291.03,0,0,176
1001145,43,11,2126,534.53,532.53,0,0,135
1001146,84,77,2569,310.43,311.43,0,0,378
1001147,60,50,1230,316.25,316.25,0,0,149
1001149,22,59,2867,618.86,620.86,0,0,68
1001151,139,58,2760,261.93,261.93,0,0,40
1001152,105,94,1885,117.37,118.34,0,1,458
1001153,84,55,1571,581.03,583.03,0,0,13
1001154,40,109,1230,475.33,476.33,0,0,55
1001155,140,50,1109,282.3,282.3,0,0,433
1001156,115,43,2139,307.49,308.49,0,0,122
1001157,83,124,1248,151.32,151.32,0,0,122
1001158,22,42,1543,503.43,503.43,0,0,13
1001159,105,106,2444,708.13,709.13,0,0,27
1001160,104,52,1558,680.03,680.03,0,0,135
1001161,128,143,2640,282.33,280.33,0,0,204
1001162,82,66,1770,486.03,486.03,0,0,42
1001163,87,109,1885,142.62,144.53,0,1,810
1001164,41,13,2139,293,291,0,0,150
1001165,10,93,1247,486.03,484.03,0,0,14
1001166,53,124,1558,678.03,679.03,0,0,176
1001167,8,14,1962,612.13,612.13,0,0,41
1001168,27,88,2581,484.03,641.23,1,0,298
1001169,143,53,1247,445.23,445.23,0,0,13
1001170,113,13,1571,581.03,581.03,0,0,161
1001172,84,101,2494,214.43,212.43,0,0,122
1001173,4,161,2631,119.31,239.62,0,0,81
1001174,50,146,1109,290.06,291.06,0,0,811
1001175,18,61,1216,417.13,418.13,0,0,15
1001176,122,10,1754,272.6,272.6,0,0,622
1001177,141,26,1543,483.09,483.09,0,0,107
1001178,110,124,2444,668.33,668.33,0,0,27
1001179,8,86,1445,669.33,669.33,0,0,13
1001181,30,52,2139,289.09,290.09,0,0,121
1001182,131,58,1778,176.6,175.6,0,0,204
1001183,76,17,2664,320.13,320.13,0,0,216
1001184,3,58,2867,659.63,659.63,0,0,27
1001185,113,91,2664,303.64,304.64,0,0,364
1001186,112,41,1062,183.33,183.33,0,0,55
1001187,6,43,1311,160.05,162.05,0,0,838
1001188,75,17,1878,290.03,292.03,0,0,55
1001191,61,153,1754,291.06,289.06,0,0,594
1001192,137,39,1885,115.43,115.43,0,0,188
1001193,139,65,2640,321.13,320.13,0,0,474
1001194,133,91,1778,163.99,193.03,0,0,136
1001195,51,89,2707,192.12,222.13,0,0,269
1001196,19,73,2304,387.03,505.43,0,0,41
1001198,22,77,2760,232.83,233.83,0,0,94
1001199,123,157,2126,427.8,511.25,0,1,41
1001200,130,24,1445,726.53,727.53,0,0,55
1001201,117,108,2569,302.7,302.7,0,0,364
1001202,131,29,2826,326.92,326.92,0,0,258
1001203,38,42,2304,465.63,465.63,0,0,26
1001204,126,108,1971,324.04,322.04,0,0,392
1001205,76,59,1885,146.53,144.53,0,0,1256
1001206,109,61,2569,309.43,310.43,0,0,568
1001207,61,99,2322,448.14,449.14,0,0,82
1001208,9,113,1971,290.03,292.03,0,0,269
1001209,69,75,2826,245.44,327.86,0,0,486
1001210,39,13,1803,168.78,168.78,0,0,973
1001211,1,106,2322,317.19,383.15,0,1,528
1001212,22,34,2306,338.53,339.53,0,0,81
1001213,99,36,1311,128.04,168.84,0,0,339
1001214,142,32,1993,117.4,116.4,0,0,419
1001215,131,93,1754,291.03,291.03,0,0,621
1001216,3,106,1754,280.33,280.33,0,0,377
1001217,71,76,2569,291,291,0,0,108
1001219,6,66,2492,447.23,447.23,0,0,15
1001220,39,75,2490,244.5,242.5,0,0,283
1001221,123,129,1571,582.03,583.03,0,0,55
1001222,144,139,1971,290.06,291.06,0,0,175
1001223,71,17,2322,446.23,446.23,0,0,69
1001224,92,52,2290,302.64,298.79,0,1,1527
1001225,105,80,1062,163.99,163.99,0,0,690
1001228,119,65,1971,290.06,290.06,0,0,647
1001229,88,66,2664,311.43,310.43,0,0,285
1001230,92,174,1962,436.53,680.03,1,0,1215
1001231,123,89,1230,515.13,513.13,0,0,41
1001232,27,13,2490,252.2,254.2,0,0,593
1001233,140,41,1962,548.08,641.23,0,0,243
1001234,104,129,2139,285.21,284.21,0,0,15
1001236,16,113,1885,120.28,120.28,0,0,189
1001237,74,39,1727,402.55,402.55,0,0,419
1001238,64,146,2867,631.53,629.53,0,0,108
1001239,99,68,1878,280.33,280.33,0,0,325
1001240,37,17,1109,292.97,291.97,0,0,635
1001241,126,73,2490,195.94,254.14,0,1,418
1001242,120,75,2581,652.84,652.84,0,0,204
1001243,93,101,1248,153.26,154.26,0,0,15
1001244,145,50,1525,319.13,290.03,0,1,162
1001245,95,67,2704,290.03,290.03,0,0,270
1001247,91,39,1778,163.99,184.33,0,0,109
1001248,52,143,1216,417.13,416.13,0,0,15
1001249,142,110,1543,483.09,483.09,0,0,42
1001250,100,126,1109,295.91,294.91,0,0,271
1001251,60,162,1062,162.99,162.99,0,0,162
1001252,114,24,1778,159.08,184.36,1,0,635
1001253,76,59,1803,202.73,203.73,0,0,148
1001254,48,20,2444,620.86,620.86,0,0,80
1001255,119,80,2569,303.64,304.64,0,0,528
1001256,96,32,2492,291,446.23,0,1,108
1001257,123,59,2304,468.51,469.51,0,0,67
1001258,33,89,1993,122.28,120.28,0,0,594
1001259,82,162,1207,320.1,321.1,0,0,121
1001260,112,145,1109,275.54,320.13,0,0,242
1001261,108,36,1216,340.5,389.03,0,0,41
1001262,27,74,2322,323.01,325.01,0,0,109
1001263,89,53,1571,583.03,583.03,0,0,55
1001264,102,10,1311,172.66,174.66,0,0,972
1001265,36,17,2304,485.03,485.03,0,0,28
1001267,114,43,2126,435.53,532.53,0,1,149
1001268,95,109,2826,248.35,320.13,0,0,932
1001269,129,61,2704,321.13,320.13,0,0,94
1001270,76,104,2640,290.03,291.03,0,0,80
1001271,113,74,1754,237.68,288.09,0,1,325
1001272,144,132,1062,189.18,190.18,0,0,593
1001273,17,68,2867,659.63,659.63,0,0,41
1001274,111,124,1885,150.35,146.47,0,1,458
1001275,113,157,2826,310.43,309.43,0,0,203
1001276,16,26,2306,307.52,308.52,0,0,40
1001277,16,43,2322,318.19,385.12,0,1,662
1001278,129,10,1438,194,195,0,0,81
1001279,107,129,2304,474.39,472.39,0,0,26
1001280,20,42,1962,486.03,641.23,1,0,162
1001281,35,55,2664,332.71,333.71,0,0,107
1001282,93,99,2956,581.03,583.03,0,0,53
1001283,8,65,2306,242.5,339.53,1,0,81
1001284,124,61,1230,324.98,325.98,0,0,136
1001286,75,153,2490,252.2,252.2,0,0,528
1001287,143,52,1525,321.13,321.13,0,0,458
1001288,66,11,2581,678.03,680.03,0,0,82
1001289,14,36,2581,622.8,622.8,0,0,149
1001290,80,68,1993,119.31,119.31,0,0,337
1001291,102,13,2444,612.13,611.13,0,0,163
1001292,88,94,2290,233.8,233.8,0,0,514
1001294,110,34,2104,582.03,581.03,0,0,134
1001295,141,74,2104,582.03,581.03,0,0,14
1001296,143,14,1878,321.13,319.13,0,0,40
1001297,20,145,2492,446.23,446.23,0,0,41
1001299,25,145,2760,175.63,222.13,0,0,68
1001300,97,132,1847,195,196,0,0,68
1001301,74,162,1754,291.03,291.03,1,0,810
1001302,72,32,1993,119.31,119.31,0,0,190
1001303,93,132,1445,669.33,669.33,0,0,42
1001304,9,146,2631,260.93,259.99,0,1,13
1001305,115,61,2444,707.13,709.13,0,0,14
1001306,74,52,2704,244.5,291.03,1,0,419
1001307,84,34,1778,177.51,177.51,0,0,40
1001308,51,102,1445,510.28,630.53,0,0,15
1001309,133,80,2104,582.03,583.03,0,0,41
1001310,121,108,1230,323.01,384.15,1,0,243
1001311,132,109,1062,162.02,193.09,0,1,555
1001312,20,92,1878,242.53,243.53,0,0,15
1001313,39,32,1525,290.03,291.03,0,0,82
1001314,81,106,2322,321.1,383.15,0,1,567
1001315,1,61,1216,388.03,466.63,0,1,95
1001316,136,29,1727,324.95,423.95,1,1,661
1001317,98,143,1778,160.08,161.08,0,0,82
1001318,16,149,1230,321.13,319.13,0,0,188
1001319,114,101,2760,243.53,243.53,0,0,27
1001320,120,174,1778,192.09,193.09,0,0,513
1001321,122,64,2322,314.34,291.03,0,1,188
1001322,50,86,1885,121.25,143.56,0,0,541
1001323,109,157,2826,259.99,310.43,0,1,447
1001324,37,26,1971,311.43,309.43,0,0,163
1001325,6,58,1216,417.13,417.13,0,0,40
1001326,133,27,2640,321.13,321.13,0,0,108
1001327,56,101,1062,185.33,183.33,0,0,379
1001328,26,74,1902,485.03,484.03,0,0,15
1001329,130,50,2306,337.62,337.62,0,0,26
1001330,118,64,2707,179.48,231.86,0,0,323
1001331,64,14,1438,241.53,241.53,0,0,13
1001332,61,10,1062,161.05,183.39,0,0,1270
1001333,121,50,1993,119.31,120.31,0,0,393
1001334,115,99,1207,349.26,495.73,0,0,149
1001335,91,137,2826,303.64,302.64,0,0,622
1001336,3,153,2707,196,196,0,0,485
1001337,87,113,2631,96.03,150.41,0,0,122
1001338,8,146,2581,608.19,608.19,0,0,123
1001339,110,11,2760,241.53,242.53,0,0,107
1001340,94,51,1993,144.59,142.59,0,0,620
1001341,120,143,1525,290.03,290.03,0,0,69
1001342,137,74,1230,368.63,369.63,0,0,96
1001343,42,72,2581,679.03,679.03,0,0,82
1001344,78,177,2760,196,195,0,0,54
1001345,136,27,1558,549.08,641.23,1,1,283
1001346,116,113,1558,463.69,641.23,1,1,312
1001347,81,30,2826,321.13,321.13,0,0,366
1001348,55,106,1216,514.13,515.13,0,0,26
1001349,84,72,1438,213.43,212.43,0,0,42
1001351,16,93,2826,279.36,281.36,0,0,297
1001352,109,34,2304,472.39,473.39,0,0,26
1001353,10,77,2304,481.12,483.12,0,0,42
1001354,49,77,1727,402.55,403.55,0,0,107
1001355,39,153,1754,295.91,295.91,0,0,554
1001356,5,137,1230,395.82,377.39,0,1,188
1001357,133,24,1571,581.03,582.03,0,0,175
1001358,105,55,2826,334.71,334.71,0,0,204
1001359,46,65,2322,307.52,307.52,0,0,350
1001360,20,162,2492,447.23,445.23,0,0,123
1001361,81,124,2139,308.49,309.49,0,0,14
1001362,72,108,2539,145.53,145.53,0,0,553
1001363,68,80,1216,408.43,408.43,0,0,15
1001364,97,113,2490,242.5,243.5,0,0,460
1001365,92,152,1754,292.03,292.03,0,0,378
1001366,49,113,1230,286.21,315.31,1,1,555
1001367,126,10,2577,291.03,292.03,0,0,256
1001368,25,104,1247,446.23,446.23,0,0,13
1001369,87,80,1878,194.03,290.03,1,1,203
1001370,93,108,2577,290.03,291.03,0,0,190
1001371,45,106,2664,326.89,328.89,0,0,499
1001372,50,157,2581,639.23,641.23,0,0,229
1001373,60,10,1754,236.74,309.43,1,1,2416
1001375,85,42,1543,389.03,514.13,0,0,28
1001376,114,102,2569,311.43,311.43,0,0,474
1001377,144,186,1109,294.91,295.91,0,0,270
1001378,35,152,2631,149.41,261.93,0,1,134
1001379,47,29,2492,290.03,446.23,0,1,81
1001380,127,73,1062,179.48,180.48,0,0,257
1001381,93,143,2304,515.13,514.13,0,0,67
1001382,107,83,2867,485.03,709.13,1,1,135
1001384,120,13,1558,697.43,698.43,0,0,41
1001385,106,74,2631,154.26,155.26,0,0,67
1001386,115,106,2956,581.03,583.03,0,0,28
1001387,65,26,2640,280.33,280.33,0,0,81
1001388,28,57,1558,641.23,641.23,0,0,27
1001389,12,102,2126,486.03,485.03,1,1,68
1001390,74,59,1878,292.03,292.03,0,0,82
1001391,109,137,1525,261.93,262.93,0,0,890
1001392,112,51,2322,320.13,483.09,0,1,744
1001393,135,20,1525,319.13,321.13,0,0,109
1001394,88,104,2139,308.49,309.49,0,0,40
1001395,28,137,1438,243.5,243.5,0,1,54
1001396,138,26,1062,177.54,178.54,0,0,350
1001397,35,58,1971,309.43,311.43,0,0,257
1001398,119,36,1247,445.23,446.23,0,0,28
1001399,26,113,2126,484.03,552.93,0,0,13
1001400,7,152,2704,280.33,280.33,0,0,121
1001401,90,77,2490,195,243.5,1,1,580
1001402,117,161,1971,287.15,286.15,0,0,149
1001403,86,83,2290,231.86,260.93,0,0,999
1001404,87,20,1993,143.62,143.62,0,0,446
1001405,29,108,2492,305.58,388.03,1,0,96
1001406,79,27,2569,335.65,335.65,0,0,176
1001407,124,10,2664,302.64,302.64,0,0,944
1001408,52,174,2826,320.16,319.16,0,0,770
1001409,31,146,2306,340.53,339.53,0,0,26
1001410,138,102,1727,446.23,446.23,0,0,108
1001413,64,29,2664,327.89,328.89,0,0,310
1001414,105,152,2704,260.93,262.93,0,0,202
1001415,125,110,1558,511.19,658.63,0,0,81
1001416,100,11,2444,435.53,668.33,0,0,445
1001417,129,74,2704,321.13,320.13,0,1,27
1001418,90,86,2494,212.43,212.43,0,0,53
1001419,72,11,2490,254.2,253.2,0,0,635
1001421,33,146,1754,242.5,242.5,0,0,944
1001423,2,75,1993,96.06,119.31,1,0,365
1001424,77,132,1109,271.66,270.66,0,0,419
1001426,107,43,2704,243.5,290.03,0,1,500
1001428,140,145,2569,304.61,339.53,0,0,217
1001429,134,152,2707,181.42,180.42,0,0,176
1001430,87,59,1847,214.43,212.43,0,0,26
1001432,93,97,2306,349.23,349.23,0,0,41
1001433,6,39,1727,244.44,402.55,1,1,823
1001434,133,93,2569,339.53,340.53,0,0,230
1001435,76,64,1971,244.5,311.43,0,0,204
1001436,97,51,2139,308.49,307.49,0,0,67
1001437,110,157,1248,139.74,137.74,0,0,27
1001438,37,51,1543,485.03,484.03,0,0,69
1001440,99,20,2826,328.86,328.86,0,0,177
1001441,17,110,1216,417.13,418.13,0,0,53
1001442,14,92,1109,287.12,289.12,0,0,204
1001443,48,177,2139,307.49,307.49,0,0,13
1001444,6,89,2139,436.53,435.53,0,0,14
1001445,36,153,1247,445.23,445.23,0,0,14
1001446,52,99,1962,680.03,679.03,0,0,217
1001447,142,109,2826,377.33,379.33,0,0,284
1001448,55,36,1216,406.43,406.43,0,0,69
1001449,112,52,1847,244.5,242.5,0,0,55
1001451,45,132,1962,486.03,680.03,1,0,809
1001452,58,109,2494,242.53,242.53,0,0,42
1001453,95,68,2704,290.03,290.03,0,0,81
1001454,2,14,2581,582.03,618.89,1,1,339
1001455,79,129,1207,320.1,321.1,0,0,135
1001456,132,139,1207,307.52,369.63,1,1,175
1001457,42,174,1770,485.03,486.03,0,0,26
1001458,143,26,2707,210.55,235.74,0,0,189
1001459,119,67,2490,290.03,291.03,0,0,257
1001460,8,61,1727,425.83,425.83,0,0,284
1001461,67,76,2494,241.53,241.53,0,0,42
1001462,4,26,1062,178.54,177.54,0,0,324
1001463,145,113,1902,445.23,447.23,0,0,15
1001464,108,86,1878,212.46,291.03,1,1,176
1001465,45,86,1248,155.26,154.26,0,0,121
1001466,41,149,2569,327.89,327.89,0,0,55
1001467,33,34,2581,639.23,641.23,0,0,149
1001469,93,89,1754,367.69,365.69,0,0,312
1001470,12,10,2867,619.86,620.86,0,0,163
1001471,64,36,1962,434.59,678.03,1,1,985
1001472,42,89,1247,447.23,447.23,0,0,28
1001473,55,104,1885,120.28,140.65,0,1,1646
1001474,144,65,1230,363.81,363.81,0,0,82
1001475,58,64,1207,308.46,310.46,0,0,215
1001476,65,74,2322,324.01,323.01,0,0,123
1001477,65,39,2640,281.33,280.33,0,0,82
1001478,120,67,1207,386.12,386.12,0,0,123
1001479,53,50,2126,437.5,553.93,0,0,26
1001481,100,124,2826,328.86,328.86,0,0,432
1001482,43,66,2126,553.93,552.93,0,0,40
1001483,139,93,1207,355.99,357.99,0,0,55
1001484,85,65,1770,485.03,485.03,0,0,28
1001485,145,43,2867,727.53,727.53,0,0,28
1001486,110,124,1311,65.02,213.43,0,0,67
1001487,28,20,2494,244.5,244.5,0,0,15
1001488,141,104,2577,321.13,320.13,0,0,67
1001489,37,109,2581,438.5,679.03,1,1,1067
1001490,89,109,2704,292.03,291.03,0,0,80
1001491,55,94,1962,485.03,641.23,1,0,323
1001492,117,91,1885,150.35,152.35,0,0,53
1001493,43,113,2444,629.53,631.53,0,0,28
1001494,97,59,1847,195,194,0,0,41
1001495,132,132,2631,165.93,165.93,0,0,27
1001496,45,20,1216,408.43,408.43,0,0,28
1001498,131,10,2826,346.29,348.29,0,0,1095
1001500,21,34,1885,95.12,115.49,0,0,366
1001501,143,64,2322,367.63,291.03,0,1,68
1001502,144,14,2306,290.03,335.62,0,0,14
1001503,40,88,1230,284.24,324.98,0,0,109
1001504,24,94,1558,640.23,639.23,0,0,54
1001505,66,30,1778,163.99,181.42,0,0,242
1001506,129,132,1248,157.17,184.33,0,0,28
1001507,54,64,1778,172.66,174.66,0,0,148
1001508,31,58,2490,194.97,239.62,1,1,917
1001509,22,106,1109,293.97,291.97,0,0,324
1001510,35,75,2304,400.67,505.43,0,0,135
1001511,80,174,1878,292.03,292.03,0,0,54
1001512,23,26,1727,425.83,425.83,0,0,161
1001513,28,76,1230,395.76,397.76,0,0,149
1001514,103,94,1993,95.12,116.43,0,1,364
1001515,23,68,2707,227.04,226.04,0,0,229
1001516,9,161,2444,435.53,659.63,1,1,420
1001517,68,61,1770,465.63,464.63,0,0,13
1001518,92,13,1445,669.33,669.33,0,0,189
1001519,98,29,1971,290.06,290.06,0,0,310
1001520,38,157,2664,327.89,327.89,0,0,161
1001521,42,132,1062,180.42,182.42,0,0,676
1001522,32,97,2322,321.13,320.13,0,0,431
1001523,121,14,2704,241.53,291.03,0,0,28
1001525,127,59,1754,320.16,318.16,0,0,391
1001526,43,41,2569,301.73,300.73,0,0,136
1001527,115,110,1207,305.58,305.58,0,0,68
1001528,110,132,2494,243.5,243.5,0,0,40
1001529,40,53,1230,476.33,475.33,0,0,28
1001530,122,41,1525,243.53,292.03,0,0,15
1001531,55,53,1878,281.33,282.33,0,0,81
1001532,63,89,1062,181.42,180.42,0,0,296
1001533,129,52,1543,469.51,469.51,0,0,203
1001534,37,186,1248,155.26,260.93,0,0,54
1001535,142,75,1571,582.03,582.03,0,0,216
1001536,17,137,1438,243.5,272.63,0,0,134
1001537,131,67,2444,727.53,726.53,0,0,123
1001538,106,43,2539,146.5,146.5,0,0,1134
1001539,51,17,2760,243.53,242.53,0,0,122
1001540,40,80,1198,151.38,203.73,0,0,202
1001541,56,26,1207,315.28,314.28,0,0,229
1001542,56,106,2444,708.13,707.13,0,0,15
1001543,2,93,2581,581.03,611.13,1,1,175
1001544,86,59,1247,437.53,436.53,0,0,27
1001545,130,89,1971,311.4,312.4,0,0,107
1001546,113,106,2304,472.39,474.39,0,0,55
1001547,24,29,1248,97.06,262.93,1,1,175
1001548,97,186,2126,423.89,515.13,0,0,26
1001549,22,80,1727,446.23,447.23,0,0,663
1001550,48,30,1062,184.36,184.36,0,0,459
1001551,38,91,1993,145.5,145.5,0,0,108
1001553,143,83,2539,120.31,120.31,0,0,404
1001554,34,92,2631,147.5,146.5,0,0,217
1001555,24,61,1248,97.06,261.93,1,0,163
1001556,58,177,2640,282.33,281.33,0,0,121
1001557,38,139,2290,174.66,310.43,1,1,1715
1001558,109,76,1543,486.03,486.03,0,1,108
1001559,105,13,1216,387.03,389.03,0,0,94
1001560,75,93,1525,244.5,292.03,0,0,68
1001561,137,102,1207,357.02,356.02,0,0,175
1001562,2,101,1993,136.83,154.23,0,1,501
1001563,84,51,2290,290.06,289.06,0,0,620
1001564,136,67,1778,190.15,191.15,0,0,580
1001565,29,43,1558,728.53,727.53,0,0,67
1001566,57,51,2126,533.53,533.53,0,0,53
1001567,89,110,2577,282.33,280.33,0,0,82
1001568,60,52,1778,158.17,158.17,0,0,836
1001569,58,24,2577,292.03,291.03,0,0,216
1001570,62,149,2539,96.09,113.52,0,0,53
1001571,142,106,1109,306.58,305.58,0,0,258
1001573,24,94,2826,280.36,281.36,0,0,162
1001574,128,161,1878,280.33,282.33,0,0,121
1001575,109,64,2760,243.53,243.53,0,0,41
1001576,120,97,1754,330.83,329.83,0,0,580
1001577,122,186,2569,282.3,281.3,0,0,243
1001578,7,89,1778,158.17,156.17,0,0,204
1001579,128,108,2631,157.17,158.17,0,0,27
1001580,4,101,1878,242.5,281.33,0,0,53
1001581,114,68,2867,708.13,707.13,0,0,27
1001582,10,110,1543,471.45,504.43,0,1,26
1001583,122,64,2139,276.48,277.48,0,0,82
1001584,61,129,2640,282.33,282.33,0,0,190
1001585,49,34,1248,92.21,150.38,0,0,40
1001586,143,81,2569,284.24,284.24,0,0,256
1001587,59,67,2492,388.03,389.03,0,0,28
1001588,122,91,1727,466.63,466.63,0,0,95
1001590,15,65,1993,112.52,114.52,0,0,743
1001591,37,73,1230,316.25,317.25,0,0,108
1001592,45,109,1230,474.33,474.33,0,0,14
1001593,86,23,2494,214.43,212.43,0,0,26
1001594,44,75,1878,280.33,281.33,0,0,148
1001595,135,104,1311,181.39,182.39,0,0,377
1001596,92,146,1885,120.31,121.31,0,0,460
1001597,93,41,1216,341.5,418.13,0,0,13
1001598,97,113,1230,323.01,324.01,0,0,190
1001599,38,74,2290,177.57,310.43,1,1,1905
1001600,94,113,1207,313.37,311.37,0,0,217
1001601,70,24,2956,629.53,630.53,0,0,68
1001602,53,53,1062,183.36,184.36,0,0,352
1001603,50,23,1109,305.58,304.58,0,0,609
1001604,125,58,1248,137.74,138.74,0,0,26
1001606,130,64,1770,447.23,445.23,0,0,40
1001607,123,24,2539,152.35,151.35,0,0,446
1001608,88,104,1445,670.33,670.33,0,0,95
1001609,118,110,1207,312.34,314.34,0,0,284
1001610,25,20,2640,282.33,282.33,0,0,162
1001611,143,89,2760,242.53,241.53,0,0,149
1001612,101,174,2539,150.41,146.53,0,1,825
1001613,91,66,2707,189.15,214.4,0,0,675
1001614,31,143,2290,278.42,309.43,0,0,662
1001615,105,129,1525,260.93,261.93,0,0,67
1001616,56,52,1109,321.13,321.13,0,0,716
1001617,132,143,1993,116.46,116.46,0,0,298
1001618,118,77,1207,324.98,323.98,0,0,96
1001619,94,10,1543,485.03,484.03,0,0,364
1001620,44,186,2867,630.53,629.53,0,0,42
1001621,40,162,1962,474.39,639.23,0,1,283
1001622,88,177,2290,266.78,265.78,0,0,312
1001623,64,93,1727,404.55,402.55,0,0,136
1001625,41,149,2581,641.23,640.23,0,0,28
1001626,130,23,2577,292.03,291.03,0,0,15
1001627,10,77,2126,553.93,552.93,0,0,40
1001628,144,51,1445,484.03,728.53,1,1,337
1001629,59,57,1247,484.03,485.03,0,0,13
1001631,144,108,2577,321.13,320.13,0,0,134
1001632,71,94,1543,563.63,561.63,0,0,28
1001633,30,137,2640,280.33,280.33,0,0,337
1001634,99,55,2139,296.82,296.82,0,0,40
1001635,98,74,2760,242.53,242.53,0,0,13
1001636,47,77,1062,185.33,183.33,0,0,96
1001637,95,143,1109,291.03,320.13,1,1,1268
1001639,31,80,2707,230.92,229.92,0,0,499
1001641,38,110,2631,151.35,151.35,0,0,81
1001643,65,137,2539,143.62,142.62,0,0,1214
1001644,32,39,2640,280.33,282.33,0,0,81
1001645,47,132,1754,238.62,292.97,0,0,755
1001646,75,57,1993,122.28,120.28,0,0,150
1001648,78,76,1311,192.09,212.43,0,0,135
1001649,4,139,1248,92.15,146.5,0,0,28
1001650,135,88,1207,364.72,365.72,0,0,150
1001651,110,106,1216,339.5,340.5,0,0,13
1001652,13,99,1558,533.53,582.03,1,1,258
1001653,60,143,1062,162.99,162.99,0,0,148
1001654,122,143,1778,179.48,180.48,0,0,54
1001656,52,57,1885,95.06,96.09,1,1,609
1001657,134,20,1885,149.38,150.38,0,0,771
1001658,120,36,1571,581.03,582.03,0,0,188
1001660,33,30,2304,388.03,486.03,0,0,55
1001661,127,27,1993,151.38,150.38,0,1,1162
1001662,29,52,1198,161.05,161.05,0,0,567
1001663,129,109,1847,194,194,0,0,54
1001664,25,11,2704,290.03,292.03,0,1,123
1001665,80,59,1216,407.43,408.43,0,0,26
1001666,51,43,1558,679.03,679.03,0,0,215
1001667,3,43,2306,246.41,340.53,0,1,404
1001668,129,57,1962,511.19,660.63,0,0,229
1001669,53,137,2867,387.03,618.86,1,0,689
1001670,27,102,2306,242.5,242.5,0,0,14
1001671,98,66,2139,290.03,290.03,0,0,68
1001672,60,93,1062,153.26,175.6,0,0,432
1001673,29,59,2640,280.33,280.33,0,0,189
1001674,79,59,1902,447.23,447.23,0,0,41
1001675,63,97,2104,629.53,630.53,0,0,28
1001676,81,14,1109,309.43,311.43,0,0,339
1001677,122,51,1778,191.09,193.09,0,0,647
1001678,140,106,1778,172.72,172.72,0,0,161
1001679,64,67,1230,466.63,466.63,0,0,15
1001681,61,89,2760,213.43,241.53,0,1,176
1001683,5,61,1727,247.38,427.83,1,1,960
1001684,74,50,1571,631.53,630.53,0,0,68
1001685,113,58,1207,314.31,313.31,0,0,203
1001686,49,174,2707,188.18,221.22,0,0,1081
1001687,140,174,1902,387.03,446.23,0,0,40
1001688,98,10,2826,246.44,320.13,0,0,1215
1001689,47,76,1109,227.01,310.4,0,0,595
1001690,135,30,2707,234.74,234.74,0,0,216
1001691,36,17,2569,361.81,363.81,0,0,94
1001692,138,64,2826,327.92,326.92,0,0,149
1001693,74,20,2707,170.72,188.24,1,0,932
1001695,77,51,2826,321.13,319.13,0,0,284
1001696,105,53,2126,435.53,533.53,0,1,80
1001697,74,83,1207,322.04,322.04,0,0,230
1001698,10,51,2826,243.5,300.76,1,0,1324
1001699,77,143,1062,178.54,177.54,0,0,175
1001700,60,86,1216,407.43,406.43,0,0,15
1001702,32,58,2631,154.29,260.93,0,1,189
1001703,22,11,2760,243.53,241.53,0,0,81
1001704,145,17,1971,344.35,346.35,0,0,121
1001705,41,152,1543,465.63,466.63,0,0,27
1001706,66,124,1109,294.88,294.88,0,0,501
1001708,9,50,1993,119.31,120.28,0,1,1027
1001709,93,32,2956,582.03,583.03,0,0,67
1001710,50,52,1525,292.03,290.03,0,0,392
1001711,45,27,1198,136.77,241.59,0,0,96
1001712,70,81,1778,179.51,177.51,0,0,123
1001713,76,86,1543,484.03,484.03,0,0,13
1001714,34,13,1885,146.5,163.96,0,1,1998
1001715,123,139,2640,242.53,282.33,0,0,81
1001716,140,145,2581,549.08,548.08,0,0,229
1001717,1,36,1971,254.17,322.04,1,0,337
1001718,141,76,1230,389,462.75,0,0,15
1001719,77,73,2569,328.89,326.89,0,0,352
1001720,84,32,1543,387.03,561.63,0,0,177
1001721,108,51,1803,137.77,160.05,0,0,190
1001722,92,67,1445,669.33,668.33,0,0,107
1001723,123,58,1885,119.37,117.37,0,0,95
1001724,68,86,2664,336.65,335.65,0,0,474
1001725,115,104,1754,322.04,324.04,0,1,540
1001726,132,11,1230,333.74,335.62,0,1,243
1001727,92,81,1778,159.11,160.11,0,0,242
1001728,121,177,2322,320.13,311.4,1,1,350
1001729,104,10,1971,324.04,322.04,0,0,229
1001730,80,126,2826,291.03,291.03,0,0,230
1001731,123,83,1754,300.76,300.76,0,0,432
1001733,40,72,1727,445.23,445.23,0,0,458
1001734,78,137,2126,534.53,534.53,0,0,123
1001735,145,66,2569,237.68,283.24,0,0,445
1001736,53,80,1248,155.26,155.26,0,0,41
1001737,142,161,1885,120.31,119.31,0,0,405
1001738,91,186,1571,581.03,583.03,0,0,15
1001739,95,124,1754,310.43,310.43,0,0,163
1001740,45,109,2631,149.38,150.38,0,0,53
1001741,64,30,1230,452.99,454.99,0,0,55
1001742,38,27,1207,426.8,427.8,0,0,15
1001743,99,42,2539,120.31,121.31,0,0,96
1001744,41,86,1962,648.93,649.93,0,0,366
1001745,104,57,1971,321.07,323.07,0,0,310
1001746,61,34,1993,96.06,119.31,0,0,595
1001747,62,109,2492,387.03,387.03,0,0,40
1001748,22,88,1230,322.1,320.1,0,0,135
1001750,24,102,1878,280.33,281.33,0,0,13
1001751,43,30,2490,237.71,237.71,0,0,323
1001752,131,186,1993,120.28,121.28,0,0,203
1001754,116,52,2867,688.73,687.73,0,0,108
1001755,144,27,1198,189.18,190.18,0,0,121
1001756,75,39,2290,257.05,257.05,0,0,447
1001757,40,97,1754,310.43,310.43,0,0,352
1001758,42,76,2322,476.33,475.33,0,0,54
1001760,23,13,1993,161.99,161.99,0,0,1701
1001761,9,30,1543,438.5,437.5,0,0,82
1001762,88,29,1558,485.03,641.23,0,0,204
1001763,94,153,2956,583.03,583.03,0,0,67
1001764,71,41,1109,311.43,309.43,0,0,94
1001766,90,126,2664,315.28,315.28,0,0,216
1001767,3,132,2304,486.03,485.03,0,0,80
1001768,137,41,2490,290.03,290.03,0,0,121
1001769,89,68,1778,153.29,178.51,0,0,229
1001770,48,102,1216,417.13,417.13,0,0,26
1001771,103,80,2704,290.03,291.03,0,0,95
1001772,47,14,2304,486.03,484.03,0,0,53
1001773,112,94,1571,581.03,582.03,0,0,14
1001774,142,53,2490,291.03,291.03,0,0,177
1001775,54,57,2569,327.89,326.89,0,0,365
1001776,122,153,2581,669.33,668.33,0,0,149
1001777,54,68,1962,640.23,640.23,0,0,162
1001778,3,161,1754,281.33,281.33,0,0,136
1001779,78,113,2640,280.33,282.33,0,0,28
1001780,116,11,1803,164.93,197.94,0,0,553
1001781,4,30,1543,484.03,486.03,0,0,53
1001782,101,157,1778,160.05,149.41,1,0,68
1001783,41,83,2322,317.25,316.25,0,0,215
1001784,79,43,2569,335.65,334.65,0,0,311
1001785,26,20,1230,389,390,0,0,68
1001786,139,59,2631,93.15,165.93,0,0,148
1001787,77,97,2492,445.23,447.23,0,0,53
1001788,108,106,1062,155.2,157.2,0,0,285
1001789,103,64,1109,288.12,320.13,0,0,135
1001791,145,143,2104,582.03,581.03,0,0,69
1001792,21,186,2664,327.89,326.89,0,0,162
1001793,95,41,2492,388.03,388.03,0,0,40
1001794,122,20,2956,582.03,583.03,0,0,42
1001795,57,109,2306,338.53,340.53,0,0,28
1001796,126,41,2826,346.29,348.29,0,0,55
1001798,138,177,1962,548.08,548.08,0,0,42
1001799,79,92,1885,119.34,120.34,0,0,68
1001800,143,174,2826,378.33,379.33,0,0,688
1001801,20,126,1311,147.47,147.47,0,0,878
1001802,4,32,1971,291.06,291.06,0,0,203
1001804,12,145,2306,242.5,244.5,0,0,95
1001805,50,27,2707,194,227.01,0,0,1160
1001806,140,108,2304,485.03,486.03,0,0,41
1001807,107,92,2664,281.3,281.3,0,0,310
1001808,118,59,2631,153.29,153.29,0,0,161
1001809,63,42,2631,150.35,150.35,0,0,69
1001810,87,149,1727,426.83,425.83,0,0,54
1001811,60,108,2704,291.03,290.03,0,1,391
1001812,129,39,2569,339.53,340.53,0,0,689
1001813,134,17,1062,160.05,192.06,0,0,312
1001814,43,30,1198,161.05,161.05,0,0,28
1001815,108,146,2126,486.94,486.94,0,0,80
1001816,83,153,1543,387.03,484.03,0,0,96
1001817,80,80,1062,181.39,183.39,0,0,432
1001818,24,20,1438,243.5,244.5,0,0,15
1001819,80,30,2577,290.03,290.03,0,0,163
1001820,116,124,2704,290.03,292.03,0,0,54
1001821,110,77,2640,216.37,281.33,0,1,379
1001822,5,89,2704,291.03,291.03,0,0,94
1001823,123,109,2322,491.82,492.82,0,0,134
1001824,143,149,1230,357.02,357.02,0,0,82
1001825,53,24,2867,387.03,620.86,1,1,338
1001826,102,99,2494,194,196,0,0,81
1001827,85,74,1216,417.13,416.13,0,0,14
1001828,137,39,1543,382.18,484.09,1,0,134
1001829,123,59,2290,267.75,267.75,0,0,932
1001830,85,75,1062,174.66,172.66,0,0,877
1001831,83,77,2760,241.53,241.53,0,0,27
1001833,119,55,1778,182.42,181.42,0,0,202
1001834,42,113,2490,243.5,244.5,1,1,1675
1001835,115,58,2826,311.43,309.43,0,0,176
1001836,16,51,1525,291.03,290.03,0,0,135
1001838,145,177,2707,201.82,200.82,0,0,446
1001839,28,89,1962,727.53,583.03,0,1,190
1001840,38,32,1109,282.33,282.33,0,0,567
1001841,39,65,2322,298.76,298.76,0,0,190
1001842,43,59,2826,319.13,321.13,0,0,513
1001843,110,152,2539,98,119.34,0,0,69
1001844,117,53,1248,154.26,153.26,0,0,28
1001845,58,89,1230,466.63,464.63,0,0,80
1001846,58,32,1878,280.33,282.33,0,0,26
1001847,56,57,2631,149.41,148.41,0,0,42
1001848,143,77,1754,285.18,285.18,0,0,810
1001849,4,41,2640,254.2,280.33,0,0,54
1001850,16,14,1847,244.5,272.63,0,0,15
1001851,128,104,2322,390,500.55,0,0,243
1001852,145,52,1230,382.24,380.24,0,0,80
1001853,30,109,2569,362.81,362.81,0,0,188
1001854,139,10,2640,320.13,321.13,0,0,284
1001855,69,59,1971,193.09,291.03,0,1,1230
1001856,25,143,2640,280.33,280.33,0,0,231
1001857,57,43,2867,609.19,610.19,0,0,134
1001858,97,23,1847,194,196,0,0,28
1001859,88,75,2569,254.2,309.43,0,0,298
1001860,121,42,1247,389.03,446.23,0,0,55
1001861,56,126,2322,451.05,452.05,0,0,53
1001862,84,129,2306,349.23,349.23,0,0,14
1001863,120,157,2760,219.28,241.53,0,0,27
1001864,104,81,1754,292.03,291.03,0,0,472
1001865,102,75,1878,281.33,282.33,0,1,690
1001866,117,110,1902,445.23,447.23,0,0,41
1001867,87,13,1216,408.43,407.43,0,0,188
1001868,58,162,2760,242.53,242.53,0,0,15
1001869,59,17,2569,361.81,361.81,0,0,96
1001870,82,162,1878,282.33,281.33,0,0,53
1001871,95,174,1803,141.62,187.24,0,0,122
1001872,76,110,1778,183.39,183.39,0,0,311
1001873,15,51,1558,610.13,612.13,0,0,107
1001874,29,139,1525,243.53,282.33,1,1,41
1001875,30,73,1230,325.98,323.98,0,0,96
1001876,1,157,1971,260.99,260.93,1,0,554
1001877,94,113,1754,322.07,323.07,0,0,539
1001878,75,83,2444,630.53,631.53,0,0,27
1001879,19,20,2577,282.33,281.33,0,0,107
1001880,27,11,1993,122.28,122.28,0,0,823
1001881,56,102,1778,155.26,175.63,0,0,162
1001882,82,161,2577,281.33,281.33,0,0,94
1001883,107,55,2707,194.06,194.06,0,0,188
1001884,10,17,2581,602.4,602.4,0,0,96
1001885,80,14,2539,145.53,146.53,0,0,296
1001886,133,132,2494,194,195,0,0,80
1001887,121,80,1571,583.03,583.03,0,0,28
1001889,12,186,1962,534.53,582.03,1,0,216
1001890,51,67,1962,679.03,678.03,0,0,378
1001891,23,132,1062,159.08,183.36,0,0,798
1001892,105,11,1803,201.79,202.79,0,0,621
1001893,34,76,1438,256.08,257.08,0,0,175
1001895,142,57,2826,327.92,325.92,0,0,190
1001896,108,52,2640,212.46,292.03,1,1,743
1001897,43,36,2631,154.26,153.26,0,0,55
1001898,117,76,2304,388.03,473.39,0,0,136
1001899,77,74,2569,327.89,328.89,0,0,123
1001900,84,145,1754,322.07,323.07,0,0,230
1001901,74,23,1803,160.05,200.82,0,0,81
1001902,139,36,2826,378.33,379.33,0,0,541
1001903,85,110,1247,447.23,446.23,0,0,42
1001904,87,149,2322,314.31,313.31,0,0,80
1001906,14,43,1803,147.5,145.5,0,0,446
1001907,52,55,2581,680.03,679.03,0,0,68
1001908,99,59,2490,280.36,281.36,0,0,217
1001909,136,186,2631,95.06,154.26,0,1,163
1001910,8,101,2290,162.99,304.61,0,1,716
1001911,10,29,2704,247.38,281.33,0,1,216
1001912,4,23,2704,242.5,281.33,0,0,94
1001913,113,59,2539,150.38,150.38,0,0,365
1001914,134,57,2322,353.11,352.11,0,0,150
1001915,145,83,1558,547.08,547.08,0,0,148
1001916,93,86,2577,291.03,291.03,0,0,81
1001917,122,83,2640,282.33,280.33,0,0,296
1001918,141,36,2577,319.13,319.13,0,0,136
1001919,113,41,2704,291.03,292.03,0,0,13
1001920,91,42,2867,435.53,707.13,1,0,190
1001922,6,52,2139,436.53,437.53,0,0,41
1001923,7,86,1062,161.99,185.33,0,0,567
1001924,76,106,2490,145.5,244.5,1,1,1216
1001925,104,177,2306,243.5,349.23,1,0,82
1001926,117,11,1558,697.43,698.43,0,0,82
1001927,71,94,1754,191.12,292.03,1,0,865
1001928,140,20,2539,150.35,151.35,0,0,283
1001929,45,65,2539,91.18,93.18,0,0,176
1001930,124,67,1993,150.35,151.35,0,0,999
1001931,61,162,2539,99.91,121.25,0,0,82
1001932,94,132,1109,309.43,311.43,0,0,541
1001934,144,93,2704,319.13,320.13,0,0,54
1001935,10,41,2707,231.83,231.83,0,0,53
1001937,27,55,1525,291.03,291.03,0,0,13
1001938,99,43,2581,533.5,678.03,1,1,352
1001939,36,52,1847,258.08,258.08,0,0,67
1001940,62,104,2492,389.03,388.03,0,0,14
1001941,109,186,2104,583.03,581.03,0,0,13
1001942,74,86,1438,233.83,232.83,0,0,96
1001943,83,11,1902,436.53,437.53,0,0,14
1001944,124,73,2640,248.38,280.33,0,1,217
1001945,88,186,1754,290.03,291.03,0,0,364
1001946,50,10,1062,180.45,179.45,0,0,404
1001948,55,106,2704,292.03,290.03,0,0,135
1001949,30,113,1993,121.31,120.31,0,0,204
1001950,30,66,1109,244.5,305.58,1,1,1121
1001952,83,129,2539,120.28,121.28,0,0,150
1001954,98,89,2290,277.42,277.42,0,0,647
1001955,18,68,1971,290.06,291.06,0,0,243
1001957,82,23,2640,291.03,291.03,0,0,68
1001958,135,26,1216,414.25,414.25,0,0,69
1001961,135,109,2826,377.33,377.33,0,0,445
1001962,41,152,1230,265.81,324.98,0,0,81
1001963,86,72,2322,405.46,406.46,0,0,95
1001964,132,13,1438,196,194,0,0,215
1001966,84,66,2581,484.03,640.23,1,1,501
1001967,81,73,1962,641.23,641.23,0,0,175
1001968,121,59,2704,241.53,292.03,0,1,204
1001969,60,65,1971,243.5,289.06,0,1,3605
1001970,30,65,1878,282.33,281.33,0,0,420
1001971,46,17,1971,244.5,312.4,1,1,622
1001972,71,72,1885,147.5,145.56,0,1,742
1001973,34,83,1885,121.31,120.31,0,0,472
1001974,14,50,1770,484.03,485.03,0,0,15
1001975,78,110,1248,96.09,153.26,0,0,122
1001976,40,50,1109,292.94,292.94,0,0,323
1001977,86,161,2569,310.43,311.43,0,0,134
1001978,42,99,2631,154.26,155.26,0,0,53
1001979,32,89,1207,387.06,386.06,0,0,310
1001980,130,93,2444,767.33,766.33,0,0,68
1001981,103,23,1770,486.03,485.03,0,0,13
1001982,114,75,2492,447.23,446.23,0,0,40
1001983,1,161,2539,115.43,116.43,0,0,55
1001985,76,152,1216,389.03,445.23,0,0,80
1001986,57,43,1902,446.23,445.23,0,0,27
1001987,65,129,1571,631.53,630.53,0,0,41
1001988,139,86,1993,150.35,150.35,0,0,285
1001989,87,102,2306,270.69,350.23,0,0,53
1001990,100,81,1558,639.23,639.23,0,0,14
1001991,43,34,2569,328.89,327.89,0,0,298
1001992,86,23,2490,194.03,329.83,0,0,540
1001993,51,76,2539,121.28,145.53,0,0,297
1001994,8,41,2581,610.13,610.13,0,0,27
1001995,91,57,2640,282.33,280.33,0,0,134
1001996,46,149,1525,265.78,290.03,0,1,26
1001997,120,34,2664,282.3,283.3,0,0,323
1001998,48,26,1109,235.71,320.13,0,0,339
1001999,85,34,1571,582.03,582.03,0,0,123
1002000,19,50,2306,242.5,308.52,0,0,53
1002001,30,80,1438,194,242.5,0,0,68
1002002,41,58,1207,314.34,312.34,0,0,188
1002003,72,13,2760,242.53,242.53,0,0,527
1002004,11,39,1558,581.03,582.03,0,0,123
1002005,82,99,2704,242.53,292.03,0,0,176
1002007,72,75,1778,178.48,180.48,0,0,217
1002008,30,65,1558,641.23,639.23,0,0,107
1002009,5,99,2290,162.02,309.49,1,1,12137
1002010,133,124,2490,290.03,292.03,0,0,269
1002011,106,67,2126,436.53,532.53,0,1,149
1002012,114,80,1754,324.04,322.04,0,0,648
1002013,138,102,2640,320.13,321.13,0,0,42
1002014,118,74,1971,281.36,279.36,0,0,121
1002015,47,94,2664,327.89,326.89,0,0,338
1002016,114,59,2704,244.44,246.44,0,0,243
1002017,117,20,1803,176.57,177.57,0,0,270
1002019,42,132,2139,296.82,298.82,0,0,26
1002020,103,73,2490,243.5,244.5,0,0,96
1002021,60,23,2640,292.03,292.03,0,0,69
1002022,44,64,1885,119.37,118.37,0,0,324
1002023,76,39,1247,446.23,446.23,0,0,14
1002024,20,94,2707,221.19,220.19,0,0,163
1002025,43,17,1902,445.23,447.23,0,0,26
1002026,120,39,2664,281.3,282.3,0,0,540
1002027,62,110,1216,436.53,436.53,0,0,28
1002029,115,58,1543,474.39,474.39,0,0,68
1002030,36,77,1109,254.17,304.58,0,0,149
1002031,43,59,1754,310.43,309.43,0,0,188
1002032,76,24,2826,246.38,290.03,0,0,838
1002033,85,93,1109,279.36,320.13,0,0,215
1002034,41,177,1778,175.6,174.6,0,0,109
1002035,60,77,2290,270.63,272.63,0,0,418
1002036,117,186,2760,241.53,242.53,0,0,55
1002037,97,29,2539,121.28,121.28,0,0,67
1002039,1,66,1543,286.21,504.43,1,1,1054
1002040,98,139,1727,404.55,402.55,0,0,121
1002041,41,27,1311,168.84,197.94,0,0,311
1002042,34,152,2581,641.23,640.23,0,0,82
1002045,9,76,2581,573.3,573.3,0,0,283
1002046,4,80,1878,242.5,282.33,0,0,95
1002047,1,129,1558,583.03,610.13,1,1,123
1002048,63,81,2867,630.53,629.53,0,0,41
1002049,111,57,2640,281.33,280.33,0,0,109
1002050,96,104,2290,305.58,306.58,0,0,917
1002051,129,174,2494,195,194,0,0,149
1002052,9,34,1525,280.33,280.33,0,0,68
1002053,124,157,2664,283.3,282.3,0,0,283
1002054,34,13,1445,485.03,619.86,0,1,512
1002055,5,73,1754,252.23,280.33,0,0,526
1002056,137,27,2539,153.29,154.29,0,0,217
1002057,61,39,1754,278.45,277.45,0,0,702
1002058,145,59,1770,484.03,484.03,0,0,27
1002059,45,17,1558,486.03,680.03,1,1,284
1002060,133,186,2826,325.92,327.92,0,0,283
1002061,41,161,1062,165.9,165.9,0,0,42
1002062,121,99,2322,323.04,387.06,1,0,743
1002063,25,108,1543,484.03,484.03,0,0,26
1002065,63,41,1558,447.2,680.03,1,0,242
1002066,97,67,1754,263.84,309.43,0,0,215
1002067,4,26,1962,611.13,610.13,0,0,53
1002068,109,30,1558,486.03,678.03,1,1,797
1002069,2,29,2306,244.5,293,0,1,69
1002070,10,11,2760,242.53,243.53,0,0,189
1002071,62,86,2577,292.03,291.03,0,0,41
1002072,45,68,1216,427.83,426.83,0,0,28
1002073,34,91,1971,324.04,323.04,0,0,15
1002074,54,113,2760,196,196,0,0,15
1002075,45,109,1727,447.23,446.23,0,0,487
1002076,29,50,1230,325.98,324.98,0,0,202
1002077,37,113,2581,434.59,641.23,1,0,526
1002078,66,43,1198,199.82,200.82,0,0,433
1002079,98,106,2631,154.26,154.26,0,0,68
1002080,35,77,1878,280.33,280.33,0,0,53
1002081,98,59,1571,582.03,582.03,0,0,96
1002082,43,132,1754,311.43,310.43,0,0,256
1002083,63,24,1902,445.23,447.23,0,0,67
1002084,95,58,2322,321.07,323.07,0,0,217
1002085,23,41,1207,389,388,0,0,82
1002086,85,161,2664,299.79,298.79,0,0,351
1002087,79,153,1438,231.83,233.83,0,0,15
1002088,89,126,1445,670.33,670.33,0,0,41
1002089,46,29,2664,327.89,328.89,0,0,217
1002090,6,109,2581,612.13,610.13,0,0,135
1002091,104,143,2290,260.93,260.93,0,0,985
1002092,68,74,1993,96.06,122.28,0,0,258
1002093,136,124,2306,335.62,336.62,0,0,15
1002094,42,153,2139,297.82,298.82,0,0,26
1002095,79,91,2304,486.03,486.03,0,0,14
1002096,129,157,1558,513.19,660.63,0,0,80
1002097,47,77,1248,115.46,147.5,0,0,81
1002098,123,64,2139,280.33,282.33,0,0,42
1002099,50,68,1754,245.44,262.9,0,1,690
1002100,14,145,1230,321.07,323.07,0,0,177
1002101,142,67,1803,169.75,220.25,0,0,541
1002102,109,58,1727,427.83,425.83,0,0,323
1002103,33,93,2139,296.82,454.93,0,0,68
1002104,33,110,1962,639.23,640.23,0,0,109
1002105,101,83,1878,281.33,282.33,0,0,310
1002106,23,27,1207,388,388,0,0,67
1002107,54,101,2322,287.12,463.69,0,1,1403
1002108,2,11,1558,581.03,612.13,1,0,216
1002109,10,20,1558,583.03,582.03,0,0,42
1002110,119,36,1311,155.23,156.23,0,0,298
1002111,39,129,1248,153.26,154.26,0,0,41
1002112,18,132,1885,145.56,135.86,0,1,1526
1002113,94,36,2704,290.03,292.03,0,0,242
1002114,78,64,1445,515.13,630.53,0,0,42
1002115,25,186,2290,309.43,309.43,0,0,352
1002116,63,153,1247,445.23,447.23,0,0,26
1002117,82,146,2444,645.05,645.05,0,0,69
1002118,130,137,2490,292.03,290.03,0,0,433
1002119,1,43,2139,339.5,435.53,0,0,55
1002120,89,97,1971,321.07,323.07,0,0,337
1002121,14,29,1885,114.52,113.52,0,0,190
1002122,38,143,1109,290.06,291.06,0,0,270
1002123,126,66,2139,277.48,275.48,0,0,55
1002124,51,23,1770,484.03,486.03,0,0,28
1002125,95,162,1727,402.55,403.55,0,0,445
1002126,103,139,1754,292.03,290.03,0,0,310
1002127,141,74,2826,325.92,327.92,0,0,163
1002129,142,77,2490,277.45,276.45,0,0,204
1002130,19,152,1878,241.53,241.53,0,0,256
1002131,17,67,1525,291.03,291.03,0,0,420
1002132,142,186,2704,319.13,319.13,0,0,53
1002133,90,26,1525,291.03,290.03,0,0,13
1002134,46,157,2569,326.89,326.89,0,0,177
1002135,127,67,2322,384.12,514.13,0,0,283
1002136,52,149,2126,436.5,552.93,1,0,27
1002137,110,55,2290,293.94,292.94,0,0,419
1002138,73,53,1247,446.23,446.23,0,0,40
1002139,7,27,1247,445.23,447.23,0,0,68
1002140,34,10,1770,486.03,486.03,0,0,26
1002141,11,41,1727,447.23,447.23,0,0,136
1002142,44,23,2492,387.03,387.03,0,0,26
1002143,115,80,1438,243.5,243.5,0,1,108
1002144,140,113,2104,484.03,630.53,0,0,28
1002145,55,139,1962,505.43,640.23,1,1,217
1002146,63,80,1216,408.43,408.43,0,0,14
1002147,84,101,2539,144.53,144.53,0,0,351
1002148,13,11,1062,181.42,181.42,0,0,649
1002149,117,97,1230,320.13,320.13,0,0,189
1002150,125,99,1558,640.23,640.23,0,0,41
1002151,48,145,1230,321.13,321.13,0,0,296
1002152,139,20,2704,260.93,320.13,0,1,203
1002153,144,83,1971,327.86,328.86,0,0,204
1002154,63,14,1770,484.03,485.03,0,0,41
1002155,54,89,2306,243.5,340.53,0,0,109
1002156,59,77,1109,168.84,310.43,0,0,175
1002157,129,36,1847,194,244.5,0,1,121
1002158,137,34,1778,151.32,152.32,0,0,108
1002159,94,97,2577,282.33,280.33,0,0,68
1002160,94,157,1543,522.83,601.43,0,0,27
1002161,12,27,1525,243.53,292.03,0,1,311
1002162,44,126,1230,480.21,479.21,0,0,41
1002163,58,99,1109,87.3,319.19,0,0,877
1002164,10,52,2631,251.23,251.23,0,0,26
1002165,25,89,2492,388.03,388.03,0,0,28
1002166,44,102,2322,302.7,302.7,0,0,190
1002167,42,57,2139,296.82,297.82,0,0,42
1002168,34,80,2444,485.03,618.86,0,1,258
1002170,64,113,1445,630.53,631.53,0,0,28
1002171,10,32,1558,584.94,585.94,0,0,204
1002172,9,36,1971,312.4,311.4,0,0,256
1002173,11,23,2492,388.03,387.03,0,0,14
1002174,10,88,1207,324.98,324.98,0,0,13
1002175,2,52,2126,485,533.53,0,1,134
1002176,93,157,1207,302.67,301.67,0,0,53
1002177,89,72,1311,130.04,177.51,0,0,68
1002178,24,50,2444,604.31,606.31,0,0,109
1002179,43,88,1971,291.06,291.06,0,0,366
1002180,107,58,1543,473.39,473.39,0,1,42
1002181,105,177,2322,284.27,284.27,0,0,485
